DATE TIME (UTC),MMSI,LATITUDE,LONGITUDE,COURSE,SPEED,DESTINATION,ETA
2019-06-03 07:00:00,538006485,51.9225,4.4792,127,6.698483080039049,ROTTERDAM,2019-06-04 12:00:00
2019-06-04 08:00:00,538006485,25.276987,55.296249,152,8.190299228112583,DUBAI,2019-06-05 01:00:00
2019-06-05 20:00:00,538006485,29.9668,32.5498,209,16.966432474003234,SUEZ,2019-06-06 20:00:00
2019-06-06 18:00:00,538006485,53.5511,9.9937,72,17.67603815232438,HAMBURG,2019-06-08 06:00:00
2019-06-09 04:00:00,538006485,29.9668,32.5498,329,15.399846050642745,SUEZ,2019-06-10 10:00:00
2019-06-09 11:00:00,538006485,53.5511,9.9937,208,17.139310535466144,HAMBURG,2019-06-09 23:00:00
2019-06-10 07:00:00,538006485,35.6895,139.6917,285,14.658323682330504,TOKYO,2019-06-12 00:00:00
2019-06-12 03:00:00,538006485,53.5511,9.9937,122,19.63809199515688,HAMBURG,2019-06-12 23:00:00
2019-06-13 05:00:00,538006485,53.5511,9.9937,298,13.819005464582341,HAMBURG,2019-06-15 03:00:00
2019-06-14 09:00:00,538006485,29.9668,32.5498,191,18.099820983229144,SUEZ,2019-06-14 22:00:00
2019-06-16 10:00:00,538006485,25.276987,55.296249,154,4.18956618623265,DUBAI,2019-06-16 19:00:00
2019-06-18 13:00:00,538006485,51.9225,4.4792,309,8.001858857246447,ROTTERDAM,2019-06-19 21:00:00
2019-06-21 02:00:00,538006485,29.9668,32.5498,152,11.926748832808453,SUEZ,2019-06-21 11:00:00
2019-06-21 11:00:00,538006485,1.3521,103.8198,12,3.532372806132771,SINGAPORE,2019-06-23 08:00:00
2019-06-22 18:00:00,538006485,1.3521,103.8198,16,4.180838543952006,SINGAPORE,2019-06-23 13:00:00
2019-06-23 07:00:00,538006485,31.2304,121.4737,54,15.642494217498902,SHANGHAI,2019-06-24 07:00:00
2019-06-25 22:00:00,538006485,35.6895,139.6917,305,17.658815443634865,TOKYO,2019-06-26 13:00:00
2019-06-26 03:00:00,538006485,29.9668,32.5498,26,1.4439013904392928,SUEZ,2019-06-26 18:00:00
2019-06-28 20:00:00,538006485,1.3521,103.8198,112,2.980649171878136,SINGAPORE,2019-06-29 04:00:00
2019-06-30 12:00:00,538006485,35.6895,139.6917,333,16.581658329838103,TOKYO,2019-07-01 16:00:00
2019-07-01 14:00:00,538006485,29.9668,32.5498,338,10.915220593843236,SUEZ,2019-07-03 04:00:00
2019-07-03 11:00:00,538006485,51.9225,4.4792,243,17.919996202903,ROTTERDAM,2019-07-05 01:00:00
2019-07-05 01:00:00,538006485,31.2304,121.4737,11,1.2201108234293967,SHANGHAI,2019-07-07 00:00:00
2019-07-06 20:00:00,538006485,51.9225,4.4792,289,8.518806559764336,ROTTERDAM,2019-07-07 00:00:00
2019-07-08 14:00:00,538006485,25.276987,55.296249,337,0.6508416231595326,DUBAI,2019-07-09 15:00:00
2019-07-10 09:00:00,538006485,35.6895,139.6917,233,10.529355954281634,TOKYO,2019-07-12 07:00:00
2019-07-12 15:00:00,538006485,35.6895,139.6917,41,9.636597467951933,TOKYO,2019-07-14 08:00:00
2019-07-15 06:00:00,538006485,35.6895,139.6917,109,5.5228939822897205,TOKYO,2019-07-15 22:00:00
2019-07-16 05:00:00,538006485,29.9668,32.5498,20,7.032528361316461,SUEZ,2019-07-17 11:00:00
2019-07-18 02:00:00,538006485,29.9668,32.5498,135,0.10723400709763409,SUEZ,2019-07-18 19:00:00
2019-07-20 22:00:00,538006485,25.276987,55.296249,117,16.289050506987493,DUBAI,2019-07-21 08:00:00
2019-07-21 07:00:00,538006485,25.276987,55.296249,92,17.031020706053653,DUBAI,2019-07-22 10:00:00
2019-07-21 13:00:00,538006485,31.1561,29.8652,327,8.49964815914137,SIDI KERIR,2019-07-22 06:00:00
2019-07-24 09:00:00,538006485,1.3521,103.8198,17,16.927434950913426,SINGAPORE,2019-07-25 21:00:00
2019-07-26 18:00:00,538006485,25.276987,55.296249,132,8.633246290276183,DUBAI,2019-07-28 07:00:00
2019-07-27 02:00:00,538006485,25.276987,55.296249,103,3.3294889585994514,DUBAI,2019-07-27 17:00:00
2019-07-28 03:00:00,538006485,53.5511,9.9937,4,1.9377829433152582,HAMBURG,2019-07-29 02:00:00
2019-07-30 23:00:00,538006485,53.5511,9.9937,322,17.245404937917574,HAMBURG,2019-08-01 08:00:00
2019-08-02 12:00:00,538006485,51.9225,4.4792,327,10.451988273687293,ROTTERDAM,2019-08-03 08:00:00
2019-08-02 16:00:00,538006485,25.276987,55.296249,211,1.3308387160063773,DUBAI,2019-08-03 19:00:00
2019-08-04 07:00:00,538006485,31.2304,121.4737,287,16.33746749835957,SHANGHAI,2019-08-04 17:00:00
2019-08-05 21:00:00,538006485,31.2304,121.4737,121,10.622772093423151,SHANGHAI,2019-08-07 08:00:00
2019-08-06 15:00:00,538006485,31.1561,29.8652,259,5.850259500800458,SIDI KERIR,2019-08-08 01:00:00
2019-08-08 06:00:00,538006485,51.9225,4.4792,207,15.842760719265636,ROTTERDAM,2019-08-09 12:00:00
2019-08-08 23:00:00,538006485,29.9668,32.5498,338,5.986981809308791,SUEZ,2019-08-10 07:00:00
2019-08-09 11:00:00,538006485,-33.8688,151.2093,301,10.676344022892527,SYDNEY,2019-08-10 10:00:00
2019-08-10 09:00:00,538006485,29.9668,32.5498,349,5.101368228744782,SUEZ,2019-08-11 09:00:00
2019-08-12 05:00:00,538006485,25.276987,55.296249,64,12.502841094793668,DUBAI,2019-08-13 13:00:00
2019-08-14 08:00:00,538006485,35.6895,139.6917,147,2.63285175507326,TOKYO,2019-08-15 05:00:00
2019-08-16 19:00:00,538006485,34.0522,-118.2437,305,1.6404498661804223,LOS ANGELES,2019-08-17 19:00:00
2019-08-18 08:00:00,538006485,1.3521,103.8198,287,12.584666759128726,SINGAPORE,2019-08-19 14:00:00
2019-08-19 12:00:00,538006485,31.1561,29.8652,205,12.99231414960456,SIDI KERIR,2019-08-19 16:00:00
2019-08-21 22:00:00,538006485,25.276987,55.296249,246,5.053132064926762,DUBAI,2019-08-22 16:00:00
2019-08-22 16:00:00,538006485,53.5511,9.9937,147,16.02479604660159,HAMBURG,2019-08-23 14:00:00
2019-08-23 01:00:00,538006485,53.5511,9.9937,196,17.056453742341613,HAMBURG,2019-08-24 00:00:00
2019-08-24 05:00:00,538006485,31.1561,29.8652,92,12.163663078982678,SIDI KERIR,2019-08-25 09:00:00
2019-08-25 13:00:00,538006485,35.6895,139.6917,38,9.966853124748642,TOKYO,2019-08-27 00:00:00
2019-08-26 23:00:00,538006485,1.3521,103.8198,117,15.456096060627058,SINGAPORE,2019-08-28 00:00:00
2019-08-29 15:00:00,538006485,31.1561,29.8652,283,10.796263272509117,SIDI KERIR,2019-08-29 23:00:00
2019-08-30 18:00:00,538006485,34.0522,-118.2437,9,11.097605117183518,LOS ANGELES,2019-08-31 06:00:00
2019-09-01 23:00:00,538006485,51.9225,4.4792,219,18.919696024207415,ROTTERDAM,2019-09-02 07:00:00
2019-09-03 22:00:00,538006485,31.1561,29.8652,114,19.612384507231187,SIDI KERIR,2019-09-05 11:00:00
2019-09-04 22:00:00,538006485,25.276987,55.296249,318,11.080380264085797,DUBAI,2019-09-05 06:00:00
2019-09-05 21:00:00,538006485,51.9225,4.4792,192,9.417907236832747,ROTTERDAM,2019-09-07 01:00:00
2019-09-06 09:00:00,538006485,35.6895,139.6917,191,1.0670060766881262,TOKYO,2019-09-07 01:00:00
2019-09-09 08:00:00,538006485,53.5511,9.9937,305,8.887546057462629,HAMBURG,2019-09-10 11:00:00
2019-09-11 18:00:00,538006485,1.3521,103.8198,334,14.591810430614983,SINGAPORE,2019-09-13 10:00:00
2019-09-12 16:00:00,538006485,53.5511,9.9937,162,7.123195332196186,HAMBURG,2019-09-13 18:00:00
2019-09-14 12:00:00,538006485,53.5511,9.9937,24,15.624570134281777,HAMBURG,2019-09-15 12:00:00
2019-09-17 01:00:00,538006485,34.0522,-118.2437,155,13.336299858269236,LOS ANGELES,2019-09-17 16:00:00
2019-09-18 22:00:00,538006485,31.1561,29.8652,6,3.3695359394739355,SIDI KERIR,2019-09-20 18:00:00
2019-09-20 08:00:00,538006485,25.276987,55.296249,188,15.110867688866508,DUBAI,2019-09-21 00:00:00
2019-09-22 11:00:00,538006485,-33.8688,151.2093,305,19.99515193259573,SYDNEY,2019-09-22 22:00:00
2019-09-23 18:00:00,538006485,34.0522,-118.2437,191,2.2022987353991708,LOS ANGELES,2019-09-25 16:00:00
2019-09-25 11:00:00,538006485,25.276987,55.296249,8,11.712973314306623,DUBAI,2019-09-25 17:00:00
2019-09-27 17:00:00,538006485,34.0522,-118.2437,20,19.977015856890844,LOS ANGELES,2019-09-28 16:00:00
2019-09-29 14:00:00,538006485,1.3521,103.8198,316,0.4762569424049157,SINGAPORE,2019-09-30 18:00:00
2019-10-02 05:00:00,538006485,51.9225,4.4792,279,17.265348921410176,ROTTERDAM,2019-10-02 19:00:00
2019-10-04 17:00:00,538006485,1.3521,103.8198,93,17.10836799647344,SINGAPORE,2019-10-06 09:00:00
2019-10-05 05:00:00,538006485,31.1561,29.8652,125,10.39072492163683,SIDI KERIR,2019-10-06 22:00:00
2019-10-08 02:00:00,538006485,35.6895,139.6917,315,17.552484236652788,TOKYO,2019-10-09 19:00:00
2019-10-08 14:00:00,538006485,-33.8688,151.2093,256,1.5558720652080837,SYDNEY,2019-10-09 23:00:00
2019-10-10 18:00:00,538006485,25.276987,55.296249,313,17.53245267573536,DUBAI,2019-10-12 08:00:00
2019-10-12 16:00:00,538006485,34.0522,-118.2437,132,14.037693338362885,LOS ANGELES,2019-10-13 00:00:00
2019-10-13 15:00:00,538006485,25.276987,55.296249,137,9.722778676600974,DUBAI,2019-10-15 08:00:00
2019-10-13 21:00:00,538006485,1.3521,103.8198,70,8.279594611556075,SINGAPORE,2019-10-15 19:00:00
2019-10-14 14:00:00,538006485,51.9225,4.4792,244,19.774319552698778,ROTTERDAM,2019-10-14 18:00:00
2019-10-15 02:00:00,538006485,29.9668,32.5498,44,4.428224284570228,SUEZ,2019-10-15 15:00:00
2019-10-16 23:00:00,538006485,34.0522,-118.2437,324,18.99787139203779,LOS ANGELES,2019-10-18 03:00:00
2019-10-18 23:00:00,538006485,-33.8688,151.2093,222,19.177658780704537,SYDNEY,2019-10-19 09:00:00
2019-10-19 22:00:00,538006485,1.3521,103.8198,327,14.273797672022727,SINGAPORE,2019-10-20 17:00:00
2019-10-20 03:00:00,538006485,35.6895,139.6917,115,0.8334457133220408,TOKYO,2019-10-20 23:00:00
2019-10-22 19:00:00,538006485,29.9668,32.5498,220,1.7336811482836345,SUEZ,2019-10-24 04:00:00
2019-10-25 02:00:00,538006485,-33.8688,151.2093,265,13.286694262192436,SYDNEY,2019-10-26 02:00:00
2019-10-26 20:00:00,538006485,-33.8688,151.2093,246,4.1710215025208,SYDNEY,2019-10-27 17:00:00
2019-10-29 20:00:00,538006485,31.2304,121.4737,53,9.038378434544425,SHANGHAI,2019-10-31 02:00:00
2019-10-31 19:00:00,538006485,1.3521,103.8198,78,2.1793411705482724,SINGAPORE,2019-11-01 01:00:00
2019-11-03 09:00:00,538006485,53.5511,9.9937,357,19.520002368119265,HAMBURG,2019-11-03 18:00:00
2019-11-03 19:00:00,538006485,53.5511,9.9937,341,12.133497659363083,HAMBURG,2019-11-05 09:00:00
2019-11-05 15:00:00,538006485,-33.8688,151.2093,271,9.455365403941505,SYDNEY,2019-11-06 19:00:00
2019-11-07 23:00:00,538006485,51.9225,4.4792,335,10.380335841698153,ROTTERDAM,2019-11-09 13:00:00
2019-11-09 21:00:00,538006485,31.2304,121.4737,118,12.068776805219088,SHANGHAI,2019-11-10 12:00:00
2019-11-11 10:00:00,538006485,29.9668,32.5498,75,7.065615465733566,SUEZ,2019-11-12 20:00:00
2019-11-13 16:00:00,538006485,34.0522,-118.2437,169,17.66839166252026,LOS ANGELES,2019-11-15 12:00:00
2019-11-14 03:00:00,538006485,31.2304,121.4737,1,14.973080093287777,SHANGHAI,2019-11-16 00:00:00
2019-11-14 21:00:00,538006485,25.276987,55.296249,132,11.285882691858902,DUBAI,2019-11-15 04:00:00
2019-11-15 16:00:00,538006485,-33.8688,151.2093,131,13.149450264888955,SYDNEY,2019-11-16 01:00:00
2019-11-17 00:00:00,538006485,34.0522,-118.2437,4,1.6269343518985613,LOS ANGELES,2019-11-18 12:00:00
2019-11-17 07:00:00,538006485,51.9225,4.4792,302,8.743827832028806,ROTTERDAM,2019-11-18 21:00:00
2019-11-19 18:00:00,538006485,31.2304,121.4737,277,17.746462826873938,SHANGHAI,2019-11-21 04:00:00
2019-11-20 08:00:00,538006485,53.5511,9.9937,295,17.56913568974498,HAMBURG,2019-11-21 21:00:00
2019-11-21 02:00:00,538006485,31.2304,121.4737,226,16.937207546772633,SHANGHAI,2019-11-22 10:00:00
2019-11-23 20:00:00,538006485,34.0522,-118.2437,276,2.482087597176099,LOS ANGELES,2019-11-24 15:00:00
2019-11-24 05:00:00,538006485,31.1561,29.8652,129,12.066208388280748,SIDI KERIR,2019-11-24 15:00:00
2019-11-25 21:00:00,538006485,25.276987,55.296249,173,15.324081982072641,DUBAI,2019-11-26 06:00:00
2019-11-27 03:00:00,538006485,34.0522,-118.2437,166,6.267559859856478,LOS ANGELES,2019-11-28 09:00:00
2019-11-29 14:00:00,538006485,35.6895,139.6917,164,8.054969262379398,TOKYO,2019-11-30 04:00:00
2019-12-01 13:00:00,538006485,-33.8688,151.2093,262,17.666676710595908,SYDNEY,2019-12-01 19:00:00
2019-12-01 22:00:00,538006485,29.9668,32.5498,281,14.592055756068834,SUEZ,2019-12-03 11:00:00
2019-12-03 09:00:00,538006485,35.6895,139.6917,285,16.865673445100516,TOKYO,2019-12-03 23:00:00
2019-12-03 17:00:00,538006485,53.5511,9.9937,177,5.8184861042213365,HAMBURG,2019-12-05 03:00:00
2019-12-06 03:00:00,538006485,34.0522,-118.2437,126,15.78442656041288,LOS ANGELES,2019-12-07 07:00:00
2019-12-07 19:00:00,538006485,1.3521,103.8198,94,15.286465724021642,SINGAPORE,2019-12-09 06:00:00
2019-12-10 09:00:00,538006485,35.6895,139.6917,38,15.287170997471666,TOKYO,2019-12-10 16:00:00
2019-12-13 08:00:00,538006485,34.0522,-118.2437,279,19.114489449210797,LOS ANGELES,2019-12-15 06:00:00
2019-12-14 12:00:00,538006485,53.5511,9.9937,317,9.915483890384639,HAMBURG,2019-12-14 18:00:00
2019-12-15 10:00:00,538006485,25.276987,55.296249,9,3.506486350873559,DUBAI,2019-12-16 06:00:00
2019-12-17 15:00:00,538006485,34.0522,-118.2437,172,5.146410695340209,LOS ANGELES,2019-12-18 18:00:00
2019-12-19 04:00:00,538006485,31.2304,121.4737,5,13.375446649128989,SHANGHAI,2019-12-21 00:00:00
2019-12-19 20:00:00,538006485,35.6895,139.6917,132,8.629474202039862,TOKYO,2019-12-21 11:00:00
2019-12-20 01:00:00,538006485,31.1561,29.8652,201,16.368286483371822,SIDI KERIR,2019-12-20 21:00:00
2019-12-21 12:00:00,538006485,1.3521,103.8198,147,10.426111020247257,SINGAPORE,2019-12-22 06:00:00
2019-12-22 15:00:00,538006485,1.3521,103.8198,245,14.06281460277745,SINGAPORE,2019-12-24 08:00:00
2019-12-23 23:00:00,538006485,53.5511,9.9937,161,14.53738242225375,HAMBURG,2019-12-24 11:00:00
2019-12-24 13:00:00,538006485,34.0522,-118.2437,333,8.840508588692943,LOS ANGELES,2019-12-25 17:00:00
2019-12-27 08:00:00,538006485,53.5511,9.9937,170,16.04413284867633,HAMBURG,2019-12-29 06:00:00
2019-12-28 06:00:00,538006485,31.1561,29.8652,278,6.3536210348605815,SIDI KERIR,2019-12-30 01:00:00
2019-12-28 13:00:00,538006485,25.276987,55.296249,112,15.321318614073896,DUBAI,2019-12-30 04:00:00
2019-12-29 06:00:00,538006485,34.0522,-118.2437,292,1.0027554222090584,LOS ANGELES,2019-12-31 05:00:00
2019-12-31 06:00:00,538006485,31.2304,121.4737,189,6.9870669268510195,SHANGHAI,2020-01-02 00:00:00
2020-01-01 01:00:00,538006485,51.9225,4.4792,220,4.687058467454159,ROTTERDAM,2020-01-01 16:00:00
2020-01-04 00:00:00,538006485,31.1561,29.8652,247,11.532862147895141,SIDI KERIR,2020-01-05 01:00:00
2020-01-06 17:00:00,538006485,31.1561,29.8652,96,13.326619289661885,SIDI KERIR,2020-01-08 02:00:00
2020-01-09 11:00:00,538006485,1.3521,103.8198,93,7.35509686849356,SINGAPORE,2020-01-10 00:00:00
2020-01-11 16:00:00,538006485,35.6895,139.6917,22,5.598198380904915,TOKYO,2020-01-12 18:00:00
2020-01-14 06:00:00,538006485,-33.8688,151.2093,294,15.195057934318697,SYDNEY,2020-01-15 17:00:00
2020-01-15 16:00:00,538006485,35.6895,139.6917,71,10.765846816273719,TOKYO,2020-01-16 11:00:00
2020-01-18 16:00:00,538006485,25.276987,55.296249,149,8.155406525838977,DUBAI,2020-01-20 01:00:00
2020-01-19 17:00:00,538006485,-33.8688,151.2093,270,18.79216390044547,SYDNEY,2020-01-20 22:00:00
2020-01-21 06:00:00,538006485,29.9668,32.5498,231,12.08789697181534,SUEZ,2020-01-21 12:00:00
2020-01-23 16:00:00,538006485,31.2304,121.4737,250,0.8658171806954118,SHANGHAI,2020-01-24 03:00:00
2020-01-24 02:00:00,538006485,51.9225,4.4792,161,4.793559824531439,ROTTERDAM,2020-01-25 19:00:00
2020-01-24 12:00:00,538006485,53.5511,9.9937,243,15.600410505869899,HAMBURG,2020-01-24 16:00:00
2020-01-25 16:00:00,538006485,29.9668,32.5498,73,2.6859549586013,SUEZ,2020-01-25 23:00:00
2020-01-27 14:00:00,538006485,31.2304,121.4737,172,3.8486631522058468,SHANGHAI,2020-01-28 11:00:00
2020-01-28 02:00:00,538006485,31.2304,121.4737,167,6.461345084619929,SHANGHAI,2020-01-28 07:00:00
2020-01-29 16:00:00,538006485,34.0522,-118.2437,70,14.238079022401136,LOS ANGELES,2020-01-31 13:00:00
2020-01-30 22:00:00,538006485,53.5511,9.9937,291,11.665849518234964,HAMBURG,2020-02-01 12:00:00
2020-02-01 22:00:00,538006485,25.276987,55.296249,234,1.6755609013720396,DUBAI,2020-02-03 09:00:00
2020-02-02 12:00:00,538006485,31.1561,29.8652,57,8.806147804137725,SIDI KERIR,2020-02-03 11:00:00
2020-02-03 19:00:00,538006485,31.1561,29.8652,320,12.930027772082624,SIDI KERIR,2020-02-05 10:00:00
2020-02-04 14:00:00,538006485,35.6895,139.6917,25,11.131602992681966,TOKYO,2020-02-05 02:00:00
2020-02-05 02:00:00,538006485,34.0522,-118.2437,232,5.092915532139354,LOS ANGELES,2020-02-06 12:00:00
2020-02-06 17:00:00,538006485,35.6895,139.6917,72,16.561901443767088,TOKYO,2020-02-08 02:00:00
2020-02-09 11:00:00,538006485,25.276987,55.296249,51,8.325844852187988,DUBAI,2020-02-10 08:00:00
2020-02-11 21:00:00,538006485,25.276987,55.296249,110,13.340664123475513,DUBAI,2020-02-13 18:00:00
2020-02-14 21:00:00,538006485,-33.8688,151.2093,125,7.9819038189316815,SYDNEY,2020-02-15 18:00:00
2020-02-17 03:00:00,538006485,1.3521,103.8198,124,10.589425606689547,SINGAPORE,2020-02-18 23:00:00
2020-02-19 06:00:00,538006485,31.1561,29.8652,108,8.421250255114192,SIDI KERIR,2020-02-19 22:00:00
2020-02-19 22:00:00,538006485,25.276987,55.296249,191,12.847214837641053,DUBAI,2020-02-20 21:00:00
2020-02-22 17:00:00,538006485,-33.8688,151.2093,204,8.320916676456939,SYDNEY,2020-02-23 21:00:00
2020-02-24 17:00:00,538006485,-33.8688,151.2093,302,1.9806825988139365,SYDNEY,2020-02-24 22:00:00
2020-02-24 22:00:00,538006485,31.2304,121.4737,128,1.5182198227405985,SHANGHAI,2020-02-25 14:00:00
2020-02-25 22:00:00,538006485,1.3521,103.8198,211,19.352029246955865,SINGAPORE,2020-02-27 10:00:00
2020-02-27 01:00:00,538006485,53.5511,9.9937,135,6.7473280990822175,HAMBURG,2020-02-28 21:00:00
2020-02-28 16:00:00,538006485,31.2304,121.4737,174,14.750783362125048,SHANGHAI,2020-03-01 11:00:00
2020-02-29 00:00:00,538006485,35.6895,139.6917,176,1.006572040320881,TOKYO,2020-02-29 15:00:00
2020-03-01 14:00:00,538006485,1.3521,103.8198,302,4.746086435138965,SINGAPORE,2020-03-03 10:00:00
2020-03-01 20:00:00,538006485,53.5511,9.9937,358,10.094425727820395,HAMBURG,2020-03-03 20:00:00
2020-03-03 21:00:00,538006485,34.0522,-118.2437,160,4.68192284141746,LOS ANGELES,2020-03-05 01:00:00
2020-03-04 11:00:00,538006485,31.1561,29.8652,127,4.519150817800166,SIDI KERIR,2020-03-05 08:00:00
2020-03-04 20:00:00,538006485,51.9225,4.4792,311,17.35440846717865,ROTTERDAM,2020-03-05 07:00:00
2020-03-07 20:00:00,538006485,1.3521,103.8198,211,17.829580386015557,SINGAPORE,2020-03-09 09:00:00
2020-03-08 18:00:00,538006485,-33.8688,151.2093,145,14.863856872478003,SYDNEY,2020-03-10 13:00:00
2020-03-10 10:00:00,538006485,35.6895,139.6917,159,18.254554177074226,TOKYO,2020-03-11 21:00:00
2020-03-12 19:00:00,538006485,51.9225,4.4792,351,9.353294970782137,ROTTERDAM,2020-03-13 03:00:00
2020-03-14 22:00:00,538006485,51.9225,4.4792,264,14.843089890481739,ROTTERDAM,2020-03-16 20:00:00
2020-03-15 11:00:00,538006485,1.3521,103.8198,194,17.305792662696497,SINGAPORE,2020-03-16 02:00:00
2020-03-16 10:00:00,538006485,34.0522,-118.2437,326,2.5314336761542777,LOS ANGELES,2020-03-17 20:00:00
2020-03-16 21:00:00,538006485,51.9225,4.4792,122,4.673444748252105,ROTTERDAM,2020-03-18 06:00:00
2020-03-17 06:00:00,538006485,34.0522,-118.2437,83,0.2932521143334821,LOS ANGELES,2020-03-17 21:00:00
2020-03-19 12:00:00,538006485,31.1561,29.8652,201,18.01797680905777,SIDI KERIR,2020-03-21 07:00:00
2020-03-22 01:00:00,538006485,35.6895,139.6917,235,9.88259877999839,TOKYO,2020-03-22 21:00:00
2020-03-22 10:00:00,538006485,34.0522,-118.2437,81,15.301754937106434,LOS ANGELES,2020-03-23 21:00:00
2020-03-25 03:00:00,538006485,25.276987,55.296249,215,4.638623239822037,DUBAI,2020-03-25 19:00:00
2020-03-27 23:00:00,538006485,25.276987,55.296249,330,8.958266671020462,DUBAI,2020-03-29 18:00:00
2020-03-30 11:00:00,538006485,34.0522,-118.2437,181,4.739399458404467,LOS ANGELES,2020-03-30 17:00:00
2020-03-31 11:00:00,538006485,25.276987,55.296249,260,8.263182442733415,DUBAI,2020-04-01 09:00:00
2020-04-01 01:00:00,538006485,31.1561,29.8652,52,10.276714021227756,SIDI KERIR,2020-04-01 12:00:00
2020-04-01 12:00:00,538006485,53.5511,9.9937,87,17.950799281086265,HAMBURG,2020-04-02 03:00:00
2020-04-03 10:00:00,538006485,1.3521,103.8198,315,1.6313357525379124,SINGAPORE,2020-04-04 17:00:00
2020-04-06 01:00:00,538006485,34.0522,-118.2437,263,3.328855212341688,LOS ANGELES,2020-04-06 22:00:00
2020-04-06 13:00:00,538006485,31.2304,121.4737,195,12.420314398562201,SHANGHAI,2020-04-06 23:00:00
2020-04-09 01:00:00,538006485,29.9668,32.5498,41,10.854753995332258,SUEZ,2020-04-10 18:00:00
2020-04-10 14:00:00,538006485,31.2304,121.4737,81,13.995287659768294,SHANGHAI,2020-04-12 04:00:00
2020-04-12 05:00:00,538006485,1.3521,103.8198,42,1.333670990680511,SINGAPORE,2020-04-14 03:00:00
2020-04-14 17:00:00,538006485,31.2304,121.4737,19,2.1158881170664112,SHANGHAI,2020-04-15 16:00:00
2020-04-15 09:00:00,538006485,53.5511,9.9937,10,13.54663872614342,HAMBURG,2020-04-16 20:00:00
2020-04-17 05:00:00,538006485,51.9225,4.4792,94,3.411465893609986,ROTTERDAM,2020-04-18 18:00:00
2020-04-17 11:00:00,538006485,31.2304,121.4737,276,18.999191885435888,SHANGHAI,2020-04-18 20:00:00
2020-04-20 08:00:00,538006485,51.9225,4.4792,200,17.048588543543964,ROTTERDAM,2020-04-22 02:00:00
2020-04-22 18:00:00,538006485,-33.8688,151.2093,17,1.2978223177357617,SYDNEY,2020-04-24 02:00:00
2020-04-24 02:00:00,538006485,53.5511,9.9937,309,12.651391433822827,HAMBURG,2020-04-25 00:00:00
2020-04-26 12:00:00,538006485,31.1561,29.8652,89,14.452437070146306,SIDI KERIR,2020-04-27 05:00:00
2020-04-28 16:00:00,538006485,35.6895,139.6917,356,2.784346802866864,TOKYO,2020-04-30 03:00:00
2020-04-29 02:00:00,538006485,51.9225,4.4792,291,1.5972437086915092,ROTTERDAM,2020-04-30 15:00:00
2020-05-01 22:00:00,538006485,1.3521,103.8198,295,5.4673128566954805,SINGAPORE,2020-05-03 22:00:00
2020-05-02 07:00:00,538006485,31.1561,29.8652,320,4.9402893800282826,SIDI KERIR,2020-05-03 09:00:00
2020-05-03 01:00:00,538006485,31.1561,29.8652,87,18.982506890876085,SIDI KERIR,2020-05-03 16:00:00
2020-05-05 15:00:00,538006485,31.1561,29.8652,338,4.713223186178476,SIDI KERIR,2020-05-07 10:00:00
2020-05-07 18:00:00,538006485,31.1561,29.8652,270,13.090586015712514,SIDI KERIR,2020-05-09 16:00:00
2020-05-09 12:00:00,538006485,31.1561,29.8652,85,17.780156003363295,SIDI KERIR,2020-05-10 09:00:00
2020-05-09 16:00:00,538006485,31.2304,121.4737,45,19.819784252313234,SHANGHAI,2020-05-10 01:00:00
2020-05-10 18:00:00,538006485,31.2304,121.4737,290,9.566693410482456,SHANGHAI,2020-05-12 10:00:00
2020-05-12 12:00:00,538006485,51.9225,4.4792,325,13.31163501704298,ROTTERDAM,2020-05-14 11:00:00
2020-05-15 06:00:00,538006485,35.6895,139.6917,236,0.9425073610322854,TOKYO,2020-05-16 00:00:00
2020-05-17 11:00:00,538006485,29.9668,32.5498,357,10.614952291929116,SUEZ,2020-05-18 19:00:00
2020-05-20 04:00:00,538006485,53.5511,9.9937,359,8.986529404392524,HAMBURG,2020-05-22 04:00:00
2020-05-22 00:00:00,538006485,29.9668,32.5498,87,6.328790629601945,SUEZ,2020-05-23 02:00:00
2020-05-23 00:00:00,538006485,51.9225,4.4792,225,7.5104204323152075,ROTTERDAM,2020-05-24 18:00:00
2020-05-25 03:00:00,538006485,-33.8688,151.2093,240,15.526701211858587,SYDNEY,2020-05-25 07:00:00
2020-05-26 16:00:00,538006485,31.2304,121.4737,40,3.165435679409647,SHANGHAI,2020-05-27 22:00:00
2020-05-26 20:00:00,538006485,34.0522,-118.2437,145,1.0586125470198304,LOS ANGELES,2020-05-27 12:00:00
2020-05-28 00:00:00,538006485,-33.8688,151.2093,238,19.25402828200803,SYDNEY,2020-05-28 04:00:00
2020-05-29 23:00:00,538006485,34.0522,-118.2437,245,1.8620469333082301,LOS ANGELES,2020-05-30 11:00:00
2020-05-30 09:00:00,538006485,35.6895,139.6917,306,7.7757449835026415,TOKYO,2020-05-31 07:00:00
2020-05-31 22:00:00,538006485,1.3521,103.8198,165,3.6396984933438192,SINGAPORE,2020-06-01 10:00:00
2020-06-01 22:00:00,538006485,35.6895,139.6917,45,8.716078111100094,TOKYO,2020-06-03 06:00:00
2020-06-02 15:00:00,538006485,51.9225,4.4792,13,11.16498289766964,ROTTERDAM,2020-06-03 07:00:00
2020-06-04 06:00:00,538006485,51.9225,4.4792,258,16.492713900477074,ROTTERDAM,2020-06-06 01:00:00
2020-06-07 04:00:00,538006485,35.6895,139.6917,304,6.108711938135782,TOKYO,2020-06-08 07:00:00
2020-06-08 03:00:00,538006485,35.6895,139.6917,180,18.464839986881618,TOKYO,2020-06-09 08:00:00
2020-06-10 01:00:00,538006485,31.2304,121.4737,307,14.784384288870022,SHANGHAI,2020-06-11 11:00:00
2020-06-10 16:00:00,538006485,31.2304,121.4737,261,2.700297995658849,SHANGHAI,2020-06-11 13:00:00
2020-06-13 01:00:00,538006485,31.1561,29.8652,27,1.686311386327004,SIDI KERIR,2020-06-13 10:00:00
2020-06-13 06:00:00,538006485,31.2304,121.4737,47,6.264412845005374,SHANGHAI,2020-06-14 05:00:00
2020-06-15 04:00:00,538006485,29.9668,32.5498,15,7.706220829843229,SUEZ,2020-06-16 19:00:00
2020-06-17 22:00:00,538006485,34.0522,-118.2437,303,0.68387486067921,LOS ANGELES,2020-06-19 11:00:00
2020-06-18 10:00:00,538006485,34.0522,-118.2437,225,15.00271952167684,LOS ANGELES,2020-06-19 03:00:00
2020-06-21 04:00:00,538006485,31.1561,29.8652,14,18.463562209045556,SIDI KERIR,2020-06-22 00:00:00
2020-06-23 22:00:00,538006485,-33.8688,151.2093,215,18.053150297958307,SYDNEY,2020-06-25 06:00:00
2020-06-24 04:00:00,538006485,-33.8688,151.2093,20,14.534462121259397,SYDNEY,2020-06-25 08:00:00
2020-06-25 01:00:00,538006485,53.5511,9.9937,155,10.37495553430352,HAMBURG,2020-06-26 06:00:00
2020-06-26 19:00:00,538006485,31.2304,121.4737,159,0.08683680375807246,SHANGHAI,2020-06-27 07:00:00
2020-06-28 05:00:00,538006485,35.6895,139.6917,158,2.7706665081078463,TOKYO,2020-06-28 10:00:00
2020-06-30 17:00:00,538006485,34.0522,-118.2437,180,14.84647747614617,LOS ANGELES,2020-06-30 23:00:00
2020-07-03 04:00:00,538006485,35.6895,139.6917,212,0.7940683296270734,TOKYO,2020-07-05 04:00:00
2020-07-04 04:00:00,538006485,34.0522,-118.2437,3,18.107438205237923,LOS ANGELES,2020-07-04 18:00:00
2020-07-04 21:00:00,538006485,35.6895,139.6917,280,13.440434460267355,TOKYO,2020-07-06 13:00:00
2020-07-05 19:00:00,538006485,31.1561,29.8652,218,9.561163380473577,SIDI KERIR,2020-07-06 09:00:00
2020-07-07 06:00:00,538006485,35.6895,139.6917,22,19.152855795118327,TOKYO,2020-07-08 07:00:00
2020-07-07 17:00:00,538006485,31.2304,121.4737,187,3.8080237372076864,SHANGHAI,2020-07-08 07:00:00
2020-07-08 22:00:00,538006485,53.5511,9.9937,5,0.3712861377682053,HAMBURG,2020-07-10 11:00:00
2020-07-10 05:00:00,538006485,31.2304,121.4737,114,17.54068105157559,SHANGHAI,2020-07-11 15:00:00
2020-07-12 13:00:00,538006485,35.6895,139.6917,286,16.840878688796703,TOKYO,2020-07-12 17:00:00
2020-07-14 01:00:00,538006485,34.0522,-118.2437,22,6.709622542541691,LOS ANGELES,2020-07-14 20:00:00
2020-07-14 15:00:00,538006485,31.2304,121.4737,248,0.14710614524113597,SHANGHAI,2020-07-15 18:00:00
2020-07-15 20:00:00,538006485,1.3521,103.8198,94,10.094401036940951,SINGAPORE,2020-07-16 16:00:00
2020-07-17 08:00:00,538006485,35.6895,139.6917,28,11.34132801110525,TOKYO,2020-07-18 07:00:00
2020-07-19 13:00:00,538006485,31.2304,121.4737,346,7.25350177063159,SHANGHAI,2020-07-20 16:00:00
2020-07-21 04:00:00,538006485,25.276987,55.296249,199,6.41456483112459,DUBAI,2020-07-21 09:00:00
2020-07-23 08:00:00,538006485,25.276987,55.296249,284,9.993506270825822,DUBAI,2020-07-24 01:00:00
2020-07-25 19:00:00,538006485,35.6895,139.6917,255,5.215854552525093,TOKYO,2020-07-27 12:00:00
2020-07-26 02:00:00,538006485,29.9668,32.5498,170,5.337582916188552,SUEZ,2020-07-26 17:00:00
2020-07-26 19:00:00,538006485,25.276987,55.296249,49,6.312461984800654,DUBAI,2020-07-28 19:00:00
2020-07-29 03:00:00,538006485,-33.8688,151.2093,187,15.427082891738843,SYDNEY,2020-07-30 10:00:00
2020-07-29 23:00:00,538006485,53.5511,9.9937,171,9.023304843223531,HAMBURG,2020-07-30 16:00:00
2020-07-31 00:00:00,538006485,1.3521,103.8198,127,1.017891202172967,SINGAPORE,2020-07-31 07:00:00
2020-07-31 05:00:00,538006485,31.2304,121.4737,95,3.5678991512985148,SHANGHAI,2020-07-31 22:00:00
2020-08-01 07:00:00,538006485,31.2304,121.4737,151,9.503393867413001,SHANGHAI,2020-08-02 10:00:00
2020-08-01 16:00:00,538006485,29.9668,32.5498,9,18.92221791549733,SUEZ,2020-08-03 15:00:00
2020-08-02 07:00:00,538006485,29.9668,32.5498,26,14.1018540958928,SUEZ,2020-08-02 23:00:00
2020-08-04 19:00:00,538006485,31.1561,29.8652,313,11.590901088375782,SIDI KERIR,2020-08-05 14:00:00
2020-08-07 00:00:00,538006485,35.6895,139.6917,145,5.764102066832133,TOKYO,2020-08-07 09:00:00
2020-08-10 00:00:00,538006485,31.1561,29.8652,14,15.482250916197202,SIDI KERIR,2020-08-11 10:00:00
2020-08-10 20:00:00,538006485,34.0522,-118.2437,117,19.209957281475376,LOS ANGELES,2020-08-11 21:00:00
2020-08-12 05:00:00,538006485,53.5511,9.9937,31,9.045088099412585,HAMBURG,2020-08-13 06:00:00
2020-08-12 09:00:00,538006485,35.6895,139.6917,355,16.052392979375117,TOKYO,2020-08-12 21:00:00
2020-08-12 18:00:00,538006485,31.2304,121.4737,215,12.476187300398475,SHANGHAI,2020-08-13 22:00:00
2020-08-14 03:00:00,538006485,1.3521,103.8198,352,8.368723486251318,SINGAPORE,2020-08-14 09:00:00
2020-08-14 09:00:00,538006485,1.3521,103.8198,238,3.886986940851853,SINGAPORE,2020-08-14 16:00:00
2020-08-16 11:00:00,538006485,29.9668,32.5498,64,0.01288977846678252,SUEZ,2020-08-16 21:00:00
2020-08-19 03:00:00,538006485,34.0522,-118.2437,273,19.635345353218028,LOS ANGELES,2020-08-19 23:00:00
2020-08-21 09:00:00,538006485,34.0522,-118.2437,19,8.773721226651194,LOS ANGELES,2020-08-21 19:00:00
2020-08-23 16:00:00,538006485,34.0522,-118.2437,357,0.5226576560600082,LOS ANGELES,2020-08-24 03:00:00
2020-08-25 03:00:00,538006485,51.9225,4.4792,248,8.35732470593231,ROTTERDAM,2020-08-26 00:00:00
2020-08-25 07:00:00,538006485,53.5511,9.9937,99,1.3735430465553633,HAMBURG,2020-08-26 17:00:00
2020-08-27 18:00:00,538006485,34.0522,-118.2437,174,5.81431417345317,LOS ANGELES,2020-08-29 18:00:00
2020-08-28 06:00:00,538006485,31.1561,29.8652,51,15.227530073039468,SIDI KERIR,2020-08-28 18:00:00
2020-08-28 10:00:00,538006485,31.1561,29.8652,295,19.17598693585674,SIDI KERIR,2020-08-30 06:00:00
2020-08-29 18:00:00,538006485,35.6895,139.6917,107,4.81657897047683,TOKYO,2020-08-30 18:00:00
2020-08-30 16:00:00,538006485,1.3521,103.8198,92,19.80769766508913,SINGAPORE,2020-09-01 14:00:00
2020-09-02 00:00:00,538006485,31.1561,29.8652,81,9.179650305764122,SIDI KERIR,2020-09-03 22:00:00
2020-09-03 18:00:00,538006485,31.2304,121.4737,242,8.501568069544945,SHANGHAI,2020-09-04 09:00:00
2020-09-06 17:00:00,538006485,31.1561,29.8652,123,0.8251467310516336,SIDI KERIR,2020-09-07 18:00:00
2020-09-08 04:00:00,538006485,-33.8688,151.2093,263,4.97191476172131,SYDNEY,2020-09-08 13:00:00
2020-09-11 04:00:00,538006485,53.5511,9.9937,142,11.293504398496255,HAMBURG,2020-09-11 17:00:00
2020-09-13 14:00:00,538006485,1.3521,103.8198,158,18.53014176755022,SINGAPORE,2020-09-14 03:00:00
2020-09-14 04:00:00,538006485,35.6895,139.6917,292,13.809923283317179,TOKYO,2020-09-14 11:00:00
2020-09-17 03:00:00,538006485,35.6895,139.6917,93,7.078437399695698,TOKYO,2020-09-18 21:00:00
2020-09-19 21:00:00,538006485,53.5511,9.9937,171,10.544983910072697,HAMBURG,2020-09-20 08:00:00
2020-09-22 21:00:00,538006485,-33.8688,151.2093,79,0.9082608044036511,SYDNEY,2020-09-24 06:00:00
2020-09-23 22:00:00,538006485,34.0522,-118.2437,330,16.498025770898657,LOS ANGELES,2020-09-25 14:00:00
2020-09-25 20:00:00,538006485,25.276987,55.296249,253,10.074069739691843,DUBAI,2020-09-26 20:00:00
2020-09-26 18:00:00,538006485,53.5511,9.9937,13,18.22640301656229,HAMBURG,2020-09-28 06:00:00
2020-09-26 22:00:00,538006485,35.6895,139.6917,157,13.895781336446573,TOKYO,2020-09-27 23:00:00
2020-09-29 21:00:00,538006485,51.9225,4.4792,281,10.259579588121891,ROTTERDAM,2020-10-01 04:00:00
2020-10-01 07:00:00,538006485,31.2304,121.4737,351,2.5654902332320506,SHANGHAI,2020-10-02 21:00:00
2020-10-02 16:00:00,538006485,51.9225,4.4792,120,6.173630816275226,ROTTERDAM,2020-10-04 14:00:00
2020-10-05 14:00:00,538006485,1.3521,103.8198,21,8.632217903738308,SINGAPORE,2020-10-07 03:00:00
2020-10-06 21:00:00,538006485,53.5511,9.9937,308,4.43915289218636,HAMBURG,2020-10-07 15:00:00
2020-10-09 21:00:00,538006485,-33.8688,151.2093,295,7.250410380355172,SYDNEY,2020-10-11 03:00:00
2020-10-12 02:00:00,538006485,53.5511,9.9937,323,1.6754442726138974,HAMBURG,2020-10-13 08:00:00
2020-10-13 19:00:00,538006485,-33.8688,151.2093,48,4.772249445821172,SYDNEY,2020-10-14 04:00:00
2020-10-14 04:00:00,538006485,1.3521,103.8198,79,3.4294991801798957,SINGAPORE,2020-10-14 14:00:00
2020-10-15 05:00:00,538006485,35.6895,139.6917,31,12.64992553158088,TOKYO,2020-10-16 23:00:00
2020-10-16 01:00:00,538006485,51.9225,4.4792,149,9.551909238746852,ROTTERDAM,2020-10-17 06:00:00
2020-10-17 10:00:00,538006485,-33.8688,151.2093,121,12.71817599517124,SYDNEY,2020-10-17 22:00:00
2020-10-18 15:00:00,538006485,25.276987,55.296249,127,18.395607820134444,DUBAI,2020-10-20 06:00:00
2020-10-19 17:00:00,538006485,1.3521,103.8198,36,18.83286635223228,SINGAPORE,2020-10-21 11:00:00
2020-10-22 09:00:00,538006485,51.9225,4.4792,287,8.406733265763966,ROTTERDAM,2020-10-23 05:00:00
2020-10-23 15:00:00,538006485,51.9225,4.4792,344,10.090101809706963,ROTTERDAM,2020-10-24 07:00:00
2020-10-26 03:00:00,538006485,-33.8688,151.2093,228,14.256603722095786,SYDNEY,2020-10-27 10:00:00
2020-10-28 11:00:00,538006485,34.0522,-118.2437,317,11.698046903133427,LOS ANGELES,2020-10-28 18:00:00
2020-10-29 05:00:00,538006485,25.276987,55.296249,346,13.107828866523764,DUBAI,2020-10-30 21:00:00
2020-10-30 12:00:00,538006485,1.3521,103.8198,221,11.521552032263358,SINGAPORE,2020-10-31 23:00:00
2020-10-31 02:00:00,538006485,-33.8688,151.2093,133,12.366590240212325,SYDNEY,2020-10-31 18:00:00
2020-11-01 03:00:00,538006485,53.5511,9.9937,248,15.24362108618295,HAMBURG,2020-11-02 05:00:00
2020-11-03 17:00:00,538006485,29.9668,32.5498,137,13.629598189148389,SUEZ,2020-11-05 12:00:00
2020-11-06 17:00:00,538006485,29.9668,32.5498,128,11.633675669267738,SUEZ,2020-11-07 21:00:00
2020-11-07 06:00:00,538006485,31.2304,121.4737,248,8.857216975084244,SHANGHAI,2020-11-08 07:00:00
2020-11-08 20:00:00,538006485,-33.8688,151.2093,142,16.810418426897197,SYDNEY,2020-11-10 03:00:00
2020-11-10 22:00:00,538006485,51.9225,4.4792,117,5.886232426169595,ROTTERDAM,2020-11-12 05:00:00
2020-11-13 09:00:00,538006485,35.6895,139.6917,195,7.170107404026056,TOKYO,2020-11-13 22:00:00
2020-11-16 06:00:00,538006485,25.276987,55.296249,259,12.974209219652902,DUBAI,2020-11-17 01:00:00
2020-11-17 20:00:00,538006485,29.9668,32.5498,157,19.416987130240763,SUEZ,2020-11-19 01:00:00
2020-11-18 13:00:00,538006485,34.0522,-118.2437,217,16.70915381523731,LOS ANGELES,2020-11-19 13:00:00
2020-11-20 15:00:00,538006485,31.1561,29.8652,153,19.423348844082852,SIDI KERIR,2020-11-21 22:00:00
2020-11-23 15:00:00,538006485,31.1561,29.8652,123,2.921471477323083,SIDI KERIR,2020-11-24 09:00:00
2020-11-26 06:00:00,538006485,51.9225,4.4792,107,11.246570895592598,ROTTERDAM,2020-11-28 03:00:00
2020-11-28 15:00:00,538006485,53.5511,9.9937,188,1.7377066139964126,HAMBURG,2020-11-29 16:00:00
2020-11-28 19:00:00,538006485,31.2304,121.4737,190,9.21515339691576,SHANGHAI,2020-11-29 23:00:00
2020-11-29 07:00:00,538006485,-33.8688,151.2093,35,0.6616765320032303,SYDNEY,2020-12-01 06:00:00
2020-11-30 17:00:00,538006485,-33.8688,151.2093,212,1.9449424301442964,SYDNEY,2020-12-01 23:00:00
2020-12-01 21:00:00,538006485,31.2304,121.4737,187,12.466980714653527,SHANGHAI,2020-12-02 17:00:00
2020-12-02 09:00:00,538006485,29.9668,32.5498,320,12.04782076518254,SUEZ,2020-12-03 18:00:00
2020-12-04 18:00:00,538006485,31.2304,121.4737,275,5.557295854180384,SHANGHAI,2020-12-06 12:00:00
2020-12-05 08:00:00,538006485,51.9225,4.4792,194,0.8873718643762807,ROTTERDAM,2020-12-06 09:00:00
2020-12-06 05:00:00,538006485,25.276987,55.296249,244,6.520507750016645,DUBAI,2020-12-06 20:00:00
2020-12-08 18:00:00,538006485,25.276987,55.296249,47,7.2731260040191685,DUBAI,2020-12-10 15:00:00
2020-12-11 01:00:00,538006485,25.276987,55.296249,168,15.966135168321525,DUBAI,2020-12-12 01:00:00
2020-12-11 07:00:00,538006485,31.2304,121.4737,87,1.5593316315319217,SHANGHAI,2020-12-12 16:00:00
2020-12-12 08:00:00,538006485,-33.8688,151.2093,251,16.79505395883391,SYDNEY,2020-12-12 16:00:00
2020-12-15 07:00:00,538006485,31.1561,29.8652,23,13.582860663251186,SIDI KERIR,2020-12-15 14:00:00
2020-12-16 14:00:00,538006485,34.0522,-118.2437,136,19.080506344917755,LOS ANGELES,2020-12-16 23:00:00
2020-12-19 10:00:00,538006485,31.1561,29.8652,150,18.054228000455865,SIDI KERIR,2020-12-21 04:00:00
2020-12-21 21:00:00,538006485,25.276987,55.296249,286,3.020406426851565,DUBAI,2020-12-22 05:00:00
2020-12-24 13:00:00,538006485,29.9668,32.5498,331,17.53367269796293,SUEZ,2020-12-25 14:00:00
2020-12-25 04:00:00,538006485,31.1561,29.8652,146,7.82752523928385,SIDI KERIR,2020-12-26 06:00:00
2020-12-26 23:00:00,538006485,-33.8688,151.2093,321,9.569243406553795,SYDNEY,2020-12-27 16:00:00
2020-12-29 12:00:00,538006485,51.9225,4.4792,156,8.827070566840574,ROTTERDAM,2020-12-31 04:00:00
2020-12-31 02:00:00,538006485,53.5511,9.9937,30,10.702061899042745,HAMBURG,2021-01-01 00:00:00
2021-01-02 06:00:00,538006485,29.9668,32.5498,350,13.035424776602367,SUEZ,2021-01-02 20:00:00
2021-01-04 19:00:00,538006485,51.9225,4.4792,195,2.0154273724798744,ROTTERDAM,2021-01-06 19:00:00
2021-01-07 16:00:00,538006485,-33.8688,151.2093,195,12.060794934160786,SYDNEY,2021-01-08 12:00:00
2021-01-09 23:00:00,538006485,29.9668,32.5498,73,7.148607659986064,SUEZ,2021-01-10 10:00:00
2021-01-12 17:00:00,538006485,29.9668,32.5498,110,10.238914852071213,SUEZ,2021-01-13 06:00:00
2021-01-15 10:00:00,538006485,53.5511,9.9937,351,0.9736802763750907,HAMBURG,2021-01-15 20:00:00
2021-01-17 04:00:00,538006485,35.6895,139.6917,297,6.512331823583928,TOKYO,2021-01-18 13:00:00
2021-01-17 23:00:00,538006485,-33.8688,151.2093,121,12.105755046982576,SYDNEY,2021-01-18 19:00:00
2021-01-20 06:00:00,538006485,35.6895,139.6917,167,16.43206618585081,TOKYO,2021-01-20 12:00:00
2021-01-21 20:00:00,538006485,51.9225,4.4792,138,4.814247363015789,ROTTERDAM,2021-01-23 02:00:00
2021-01-23 20:00:00,538006485,35.6895,139.6917,170,8.860632621438532,TOKYO,2021-01-25 18:00:00
2021-01-26 10:00:00,538006485,35.6895,139.6917,212,19.210171584033496,TOKYO,2021-01-26 15:00:00
2021-01-26 19:00:00,538006485,31.2304,121.4737,245,3.9620886406097044,SHANGHAI,2021-01-27 13:00:00
2021-01-29 11:00:00,538006485,51.9225,4.4792,260,9.55902960041687,ROTTERDAM,2021-01-31 10:00:00
2021-01-30 08:00:00,538006485,-33.8688,151.2093,274,15.089346963927737,SYDNEY,2021-01-30 16:00:00
2021-02-01 07:00:00,538006485,51.9225,4.4792,64,15.90783116791261,ROTTERDAM,2021-02-03 05:00:00
2021-02-02 13:00:00,538006485,25.276987,55.296249,115,2.0475954262416796,DUBAI,2021-02-04 02:00:00
2021-02-03 12:00:00,538006485,-33.8688,151.2093,188,18.136518656497365,SYDNEY,2021-02-03 17:00:00
2021-02-05 21:00:00,538006485,35.6895,139.6917,239,7.454628324472559,TOKYO,2021-02-06 21:00:00
2021-02-06 19:00:00,538006485,31.1561,29.8652,350,16.580427373931236,SIDI KERIR,2021-02-08 17:00:00
2021-02-07 13:00:00,538006485,-33.8688,151.2093,351,14.687691644222207,SYDNEY,2021-02-08 21:00:00
2021-02-09 10:00:00,538006485,29.9668,32.5498,12,16.50860382592442,SUEZ,2021-02-09 18:00:00
2021-02-09 16:00:00,538006485,35.6895,139.6917,96,15.500562670559273,TOKYO,2021-02-11 12:00:00
2021-02-12 15:00:00,538006485,31.2304,121.4737,17,0.03727756287291939,SHANGHAI,2021-02-12 22:00:00
2021-02-13 23:00:00,538006485,31.1561,29.8652,51,10.293447246316283,SIDI KERIR,2021-02-15 19:00:00
2021-02-14 13:00:00,538006485,35.6895,139.6917,67,11.118446216550012,TOKYO,2021-02-16 07:00:00
2021-02-15 16:00:00,538006485,31.1561,29.8652,202,12.98856902676447,SIDI KERIR,2021-02-16 07:00:00
2021-02-18 02:00:00,538006485,25.276987,55.296249,172,7.412527057678866,DUBAI,2021-02-19 05:00:00
2021-02-19 02:00:00,538006485,29.9668,32.5498,86,2.3050547305678126,SUEZ,2021-02-20 04:00:00
2021-02-20 16:00:00,538006485,29.9668,32.5498,159,16.223185588873047,SUEZ,2021-02-22 06:00:00
2021-02-23 15:00:00,538006485,31.1561,29.8652,114,6.91037078209826,SIDI KERIR,2021-02-25 00:00:00
2021-02-25 04:00:00,538006485,31.1561,29.8652,293,16.942103409253285,SIDI KERIR,2021-02-26 10:00:00
2021-02-26 08:00:00,538006485,31.1561,29.8652,130,11.8649015470184,SIDI KERIR,2021-02-26 12:00:00
2021-03-01 01:00:00,538006485,34.0522,-118.2437,166,11.40427862817404,LOS ANGELES,2021-03-01 22:00:00
2021-03-03 05:00:00,538006485,51.9225,4.4792,37,14.926251808816467,ROTTERDAM,2021-03-03 09:00:00
2021-03-05 05:00:00,538006485,53.5511,9.9937,71,16.460334787921347,HAMBURG,2021-03-06 22:00:00
2021-03-07 19:00:00,538006485,-33.8688,151.2093,298,3.544375255148333,SYDNEY,2021-03-09 16:00:00
2021-03-08 20:00:00,538006485,31.1561,29.8652,257,0.23226978770855444,SIDI KERIR,2021-03-09 19:00:00
2021-03-09 15:00:00,538006485,-33.8688,151.2093,177,13.670303908003984,SYDNEY,2021-03-10 02:00:00
2021-03-11 11:00:00,538006485,31.1561,29.8652,37,4.806276248764401,SIDI KERIR,2021-03-11 15:00:00
2021-03-13 22:00:00,538006485,51.9225,4.4792,195,13.577578207653083,ROTTERDAM,2021-03-14 19:00:00
2021-03-14 04:00:00,538006485,34.0522,-118.2437,356,15.620071435385077,LOS ANGELES,2021-03-14 22:00:00
2021-03-17 00:00:00,538006485,31.2304,121.4737,237,8.940119642256123,SHANGHAI,2021-03-18 10:00:00
2021-03-18 10:00:00,538006485,51.9225,4.4792,302,5.846898566980505,ROTTERDAM,2021-03-20 03:00:00
2021-03-20 22:00:00,538006485,34.0522,-118.2437,30,17.085680175054353,LOS ANGELES,2021-03-22 02:00:00
2021-03-21 23:00:00,538006485,31.2304,121.4737,210,13.792461727588744,SHANGHAI,2021-03-22 22:00:00
2021-03-23 15:00:00,538006485,1.3521,103.8198,268,8.334921967464798,SINGAPORE,2021-03-25 03:00:00
2021-03-25 05:00:00,538006485,25.276987,55.296249,104,13.347897090175216,DUBAI,2021-03-25 17:00:00
2021-03-27 19:00:00,538006485,-33.8688,151.2093,28,5.413507031121718,SYDNEY,2021-03-28 04:00:00
2021-03-28 12:00:00,538006485,-33.8688,151.2093,308,13.675385418679138,SYDNEY,2021-03-29 17:00:00
2021-03-31 05:00:00,538006485,34.0522,-118.2437,167,4.70418045609672,LOS ANGELES,2021-03-31 19:00:00
2021-04-03 00:00:00,538006485,31.1561,29.8652,315,7.321835840163262,SIDI KERIR,2021-04-04 18:00:00
2021-04-03 20:00:00,538006485,1.3521,103.8198,256,17.961421999268946,SINGAPORE,2021-04-05 18:00:00
2021-04-04 19:00:00,538006485,-33.8688,151.2093,278,3.4739965487439073,SYDNEY,2021-04-05 01:00:00
2021-04-04 23:00:00,538006485,51.9225,4.4792,175,13.217478344021053,ROTTERDAM,2021-04-05 05:00:00
2021-04-07 05:00:00,538006485,-33.8688,151.2093,83,0.09053492924531392,SYDNEY,2021-04-07 13:00:00
2021-04-09 07:00:00,538006485,35.6895,139.6917,75,3.0929501254080893,TOKYO,2021-04-10 22:00:00
2021-04-12 06:00:00,538006485,31.2304,121.4737,65,2.1026806738742687,SHANGHAI,2021-04-13 08:00:00
2021-04-14 08:00:00,538006485,34.0522,-118.2437,359,11.195692173800607,LOS ANGELES,2021-04-15 22:00:00
2021-04-15 09:00:00,538006485,25.276987,55.296249,111,5.394598905516029,DUBAI,2021-04-15 13:00:00
2021-04-16 20:00:00,538006485,53.5511,9.9937,87,11.113034883962264,HAMBURG,2021-04-18 04:00:00
2021-04-18 14:00:00,538006485,25.276987,55.296249,187,11.398193251382306,DUBAI,2021-04-20 11:00:00
2021-04-20 16:00:00,538006485,-33.8688,151.2093,328,18.87563801613136,SYDNEY,2021-04-21 12:00:00
2021-04-21 21:00:00,538006485,34.0522,-118.2437,184,19.559343622936915,LOS ANGELES,2021-04-22 14:00:00
2021-04-22 21:00:00,538006485,29.9668,32.5498,259,4.245680864464267,SUEZ,2021-04-23 21:00:00
2021-04-24 18:00:00,538006485,53.5511,9.9937,31,14.561106107999308,HAMBURG,2021-04-25 18:00:00
2021-04-27 08:00:00,538006485,31.2304,121.4737,11,0.8689341774534332,SHANGHAI,2021-04-28 22:00:00
2021-04-28 10:00:00,538006485,31.2304,121.4737,299,11.140158389785384,SHANGHAI,2021-04-30 00:00:00
2021-04-29 15:00:00,538006485,35.6895,139.6917,213,11.007742425148955,TOKYO,2021-04-30 08:00:00
2021-05-02 00:00:00,538006485,53.5511,9.9937,193,6.693603138302697,HAMBURG,2021-05-03 15:00:00
2021-05-04 18:00:00,538006485,31.1561,29.8652,54,7.094029980777837,SIDI KERIR,2021-05-06 03:00:00
2021-05-05 06:00:00,538006485,25.276987,55.296249,337,10.797562991960776,DUBAI,2021-05-05 18:00:00
2021-05-06 00:00:00,538006485,51.9225,4.4792,336,17.6624926979223,ROTTERDAM,2021-05-07 18:00:00
2021-05-06 17:00:00,538006485,25.276987,55.296249,249,1.7257069352592813,DUBAI,2021-05-07 09:00:00
2021-05-09 01:00:00,538006485,51.9225,4.4792,267,6.15490518184985,ROTTERDAM,2021-05-09 16:00:00
2021-05-09 13:00:00,538006485,29.9668,32.5498,246,9.202045485791555,SUEZ,2021-05-11 09:00:00
2021-05-11 13:00:00,538006485,25.276987,55.296249,15,18.57346686793845,DUBAI,2021-05-13 06:00:00
2021-05-14 04:00:00,538006485,-33.8688,151.2093,113,4.9882114399815265,SYDNEY,2021-05-15 19:00:00
2021-05-14 12:00:00,538006485,53.5511,9.9937,182,6.149553318927028,HAMBURG,2021-05-16 10:00:00
2021-05-16 01:00:00,538006485,1.3521,103.8198,233,14.300182785472042,SINGAPORE,2021-05-17 15:00:00
2021-05-16 21:00:00,538006485,25.276987,55.296249,197,9.645649308091809,DUBAI,2021-05-17 14:00:00
2021-05-18 02:00:00,538006485,31.2304,121.4737,30,12.80275095496415,SHANGHAI,2021-05-18 20:00:00
2021-05-18 07:00:00,538006485,-33.8688,151.2093,228,1.3455445885477202,SYDNEY,2021-05-19 12:00:00
2021-05-21 04:00:00,538006485,53.5511,9.9937,351,15.55023060088907,HAMBURG,2021-05-23 01:00:00
2021-05-23 16:00:00,538006485,34.0522,-118.2437,207,13.133883820746583,LOS ANGELES,2021-05-25 05:00:00
2021-05-26 12:00:00,538006485,1.3521,103.8198,129,3.2512102353197414,SINGAPORE,2021-05-27 07:00:00
2021-05-26 23:00:00,538006485,25.276987,55.296249,310,3.8317249902323436,DUBAI,2021-05-28 00:00:00
2021-05-28 09:00:00,538006485,53.5511,9.9937,1,3.01609867708843,HAMBURG,2021-05-30 03:00:00
2021-05-30 11:00:00,538006485,51.9225,4.4792,284,3.510048848425289,ROTTERDAM,2021-06-01 02:00:00
2021-06-02 05:00:00,538006485,53.5511,9.9937,59,5.421004160501061,HAMBURG,2021-06-04 04:00:00
2021-06-05 03:00:00,538006485,35.6895,139.6917,83,18.30618526216589,TOKYO,2021-06-05 15:00:00
2021-06-05 23:00:00,538006485,31.1561,29.8652,38,3.702059701943521,SIDI KERIR,2021-06-06 13:00:00
2021-06-07 23:00:00,538006485,-33.8688,151.2093,168,9.993893863355403,SYDNEY,2021-06-09 01:00:00
2021-06-10 17:00:00,538006485,25.276987,55.296249,313,7.658023221469983,DUBAI,2021-06-11 01:00:00
2021-06-12 09:00:00,538006485,31.1561,29.8652,203,6.354551910114925,SIDI KERIR,2021-06-13 07:00:00
2021-06-14 12:00:00,538006485,25.276987,55.296249,304,6.6430779664251105,DUBAI,2021-06-14 17:00:00
2021-06-16 22:00:00,538006485,31.2304,121.4737,301,2.3228022144226235,SHANGHAI,2021-06-18 02:00:00
2021-06-19 07:00:00,538006485,1.3521,103.8198,234,1.2991294412922083,SINGAPORE,2021-06-20 20:00:00
2021-06-21 08:00:00,538006485,25.276987,55.296249,207,6.517889411837244,DUBAI,2021-06-21 14:00:00
2021-06-23 22:00:00,538006485,34.0522,-118.2437,304,5.89618235008693,LOS ANGELES,2021-06-25 08:00:00
2021-06-26 05:00:00,538006485,31.2304,121.4737,273,7.767302510583849,SHANGHAI,2021-06-27 10:00:00
2021-06-29 01:00:00,538006485,25.276987,55.296249,302,10.803528102391047,DUBAI,2021-06-30 00:00:00
2021-07-01 08:00:00,538006485,31.1561,29.8652,13,8.713839750454593,SIDI KERIR,2021-07-01 12:00:00
2021-07-02 10:00:00,538006485,31.1561,29.8652,292,9.825774005066206,SIDI KERIR,2021-07-03 07:00:00
2021-07-05 09:00:00,538006485,34.0522,-118.2437,271,0.6128440721724426,LOS ANGELES,2021-07-06 15:00:00
2021-07-06 02:00:00,538006485,51.9225,4.4792,112,0.2124352641293692,ROTTERDAM,2021-07-07 09:00:00
2021-07-08 19:00:00,538006485,31.1561,29.8652,132,3.3553890938488284,SIDI KERIR,2021-07-10 17:00:00
2021-07-10 12:00:00,538006485,29.9668,32.5498,292,1.567006610072481,SUEZ,2021-07-11 23:00:00
2021-07-12 19:00:00,538006485,35.6895,139.6917,101,14.489443463553657,TOKYO,2021-07-13 21:00:00
2021-07-14 09:00:00,538006485,53.5511,9.9937,298,15.625966391762917,HAMBURG,2021-07-16 08:00:00
2021-07-14 20:00:00,538006485,34.0522,-118.2437,31,6.735023565487211,LOS ANGELES,2021-07-16 05:00:00
2021-07-17 03:00:00,538006485,29.9668,32.5498,168,13.952829343866995,SUEZ,2021-07-17 23:00:00
2021-07-18 03:00:00,538006485,31.1561,29.8652,188,7.47937643102196,SIDI KERIR,2021-07-19 21:00:00
2021-07-18 14:00:00,538006485,53.5511,9.9937,311,17.474576922013366,HAMBURG,2021-07-20 11:00:00
2021-07-19 09:00:00,538006485,25.276987,55.296249,300,3.8648368448234516,DUBAI,2021-07-20 22:00:00
2021-07-19 20:00:00,538006485,35.6895,139.6917,154,0.029086795461903403,TOKYO,2021-07-20 21:00:00
2021-07-20 07:00:00,538006485,34.0522,-118.2437,236,4.132157985161305,LOS ANGELES,2021-07-21 00:00:00
2021-07-20 14:00:00,538006485,53.5511,9.9937,27,2.9725035904639108,HAMBURG,2021-07-22 00:00:00
2021-07-20 18:00:00,538006485,-33.8688,151.2093,276,3.49199237303639,SYDNEY,2021-07-21 13:00:00
2021-07-23 06:00:00,538006485,1.3521,103.8198,357,17.971107832496834,SINGAPORE,2021-07-23 19:00:00
2021-07-23 18:00:00,538006485,34.0522,-118.2437,61,15.008363972909248,LOS ANGELES,2021-07-25 09:00:00
2021-07-25 00:00:00,538006485,35.6895,139.6917,196,11.998693653912033,TOKYO,2021-07-26 01:00:00
2021-07-26 14:00:00,538006485,25.276987,55.296249,257,18.773330885016573,DUBAI,2021-07-28 11:00:00
2021-07-29 10:00:00,538006485,31.2304,121.4737,334,5.754597456371375,SHANGHAI,2021-07-30 21:00:00
2021-07-31 06:00:00,538006485,51.9225,4.4792,266,17.41264960770426,ROTTERDAM,2021-07-31 20:00:00
2021-08-02 09:00:00,538006485,29.9668,32.5498,114,15.67109416732636,SUEZ,2021-08-04 01:00:00
2021-08-02 14:00:00,538006485,25.276987,55.296249,160,12.371035573594034,DUBAI,2021-08-04 07:00:00
2021-08-04 04:00:00,538006485,1.3521,103.8198,216,15.664532360879557,SINGAPORE,2021-08-05 10:00:00
2021-08-06 07:00:00,538006485,29.9668,32.5498,355,19.95289994872229,SUEZ,2021-08-06 16:00:00
2021-08-09 07:00:00,538006485,34.0522,-118.2437,261,6.307001374132528,LOS ANGELES,2021-08-10 05:00:00
2021-08-10 10:00:00,538006485,1.3521,103.8198,188,13.062936815463464,SINGAPORE,2021-08-12 05:00:00
2021-08-11 19:00:00,538006485,-33.8688,151.2093,32,12.531545051167573,SYDNEY,2021-08-12 05:00:00
2021-08-12 03:00:00,538006485,35.6895,139.6917,308,11.574841665016748,TOKYO,2021-08-12 13:00:00
2021-08-14 12:00:00,538006485,51.9225,4.4792,332,17.646977082737134,ROTTERDAM,2021-08-16 02:00:00
2021-08-16 04:00:00,538006485,31.1561,29.8652,65,11.789388927806787,SIDI KERIR,2021-08-16 21:00:00
2021-08-18 02:00:00,538006485,25.276987,55.296249,57,3.954319399779176,DUBAI,2021-08-19 18:00:00
2021-08-18 22:00:00,538006485,25.276987,55.296249,195,8.779831514384862,DUBAI,2021-08-19 12:00:00
2021-08-21 02:00:00,538006485,51.9225,4.4792,310,5.9969477276985295,ROTTERDAM,2021-08-22 11:00:00
2021-08-24 02:00:00,538006485,31.2304,121.4737,169,4.770572370533051,SHANGHAI,2021-08-24 10:00:00
2021-08-26 17:00:00,538006485,1.3521,103.8198,180,1.2735996853893594,SINGAPORE,2021-08-26 23:00:00
2021-08-29 14:00:00,538006485,1.3521,103.8198,166,17.370840234454914,SINGAPORE,2021-08-30 14:00:00
2021-08-31 17:00:00,538006485,53.5511,9.9937,175,17.1030300598952,HAMBURG,2021-09-02 15:00:00
2021-08-31 21:00:00,538006485,1.3521,103.8198,346,14.905021271957803,SINGAPORE,2021-09-02 15:00:00
2021-09-01 17:00:00,538006485,31.2304,121.4737,29,5.4562314976694,SHANGHAI,2021-09-02 14:00:00
2021-09-02 13:00:00,538006485,25.276987,55.296249,319,12.6939034657799,DUBAI,2021-09-03 15:00:00
2021-09-03 10:00:00,538006485,25.276987,55.296249,358,14.613115338977183,DUBAI,2021-09-04 05:00:00
2021-09-04 20:00:00,538006485,53.5511,9.9937,300,7.5211658880308025,HAMBURG,2021-09-05 00:00:00
2021-09-05 00:00:00,538006485,29.9668,32.5498,280,1.0222914768315716,SUEZ,2021-09-06 23:00:00
2021-09-07 21:00:00,538006485,53.5511,9.9937,322,10.001655568065653,HAMBURG,2021-09-09 02:00:00
2021-09-09 14:00:00,538006485,34.0522,-118.2437,222,13.015584064693801,LOS ANGELES,2021-09-10 17:00:00
2021-09-11 21:00:00,538006485,29.9668,32.5498,205,14.393682451589784,SUEZ,2021-09-12 21:00:00
2021-09-12 11:00:00,538006485,34.0522,-118.2437,210,10.075760895991168,LOS ANGELES,2021-09-13 15:00:00
2021-09-14 19:00:00,538006485,25.276987,55.296249,20,15.341368062799488,DUBAI,2021-09-15 19:00:00
2021-09-16 02:00:00,538006485,31.1561,29.8652,202,0.3103439227745186,SIDI KERIR,2021-09-17 16:00:00
2021-09-17 05:00:00,538006485,31.1561,29.8652,209,9.495275346076777,SIDI KERIR,2021-09-18 14:00:00
2021-09-18 15:00:00,538006485,29.9668,32.5498,306,16.241919221644665,SUEZ,2021-09-19 11:00:00
2021-09-19 18:00:00,538006485,51.9225,4.4792,179,8.770772590395705,ROTTERDAM,2021-09-21 09:00:00
2021-09-21 18:00:00,538006485,31.1561,29.8652,179,4.292060014367076,SIDI KERIR,2021-09-22 13:00:00
2021-09-22 08:00:00,538006485,51.9225,4.4792,250,19.99337808690225,ROTTERDAM,2021-09-22 17:00:00
2021-09-24 14:00:00,538006485,29.9668,32.5498,214,15.903046056011714,SUEZ,2021-09-26 01:00:00
2021-09-26 15:00:00,538006485,31.1561,29.8652,12,15.884214191535603,SIDI KERIR,2021-09-27 03:00:00
2021-09-27 03:00:00,538006485,53.5511,9.9937,14,4.249867536069094,HAMBURG,2021-09-27 08:00:00
2021-09-28 08:00:00,538006485,25.276987,55.296249,20,9.791254829461469,DUBAI,2021-09-30 06:00:00
2021-09-29 14:00:00,538006485,51.9225,4.4792,215,3.8886480183757355,ROTTERDAM,2021-10-01 08:00:00
2021-10-01 07:00:00,538006485,31.2304,121.4737,285,11.078401978358608,SHANGHAI,2021-10-03 06:00:00
2021-10-01 14:00:00,538006485,34.0522,-118.2437,183,3.2788195438969137,LOS ANGELES,2021-10-03 04:00:00
2021-10-03 09:00:00,538006485,34.0522,-118.2437,346,15.428289953728775,LOS ANGELES,2021-10-04 00:00:00
2021-10-04 22:00:00,538006485,25.276987,55.296249,14,12.324227941469744,DUBAI,2021-10-05 19:00:00
2021-10-05 09:00:00,538006485,29.9668,32.5498,0,10.615426895745706,SUEZ,2021-10-05 21:00:00
2021-10-06 04:00:00,538006485,34.0522,-118.2437,18,18.150419698103338,LOS ANGELES,2021-10-07 10:00:00
2021-10-07 00:00:00,538006485,-33.8688,151.2093,252,8.582714224258083,SYDNEY,2021-10-08 17:00:00
2021-10-07 07:00:00,538006485,34.0522,-118.2437,23,1.6110552228007902,LOS ANGELES,2021-10-09 04:00:00
2021-10-08 01:00:00,538006485,1.3521,103.8198,100,6.463476214248029,SINGAPORE,2021-10-09 15:00:00
2021-10-08 17:00:00,538006485,51.9225,4.4792,155,11.165931182622472,ROTTERDAM,2021-10-10 04:00:00
2021-10-11 15:00:00,538006485,31.2304,121.4737,260,3.806730107921359,SHANGHAI,2021-10-13 13:00:00
2021-10-14 10:00:00,538006485,53.5511,9.9937,164,19.558888108179975,HAMBURG,2021-10-14 15:00:00
2021-10-14 14:00:00,538006485,25.276987,55.296249,122,3.5819528434467696,DUBAI,2021-10-16 04:00:00
2021-10-15 05:00:00,538006485,51.9225,4.4792,282,16.169789812196626,ROTTERDAM,2021-10-16 01:00:00
2021-10-16 04:00:00,538006485,-33.8688,151.2093,78,16.1611086791445,SYDNEY,2021-10-16 11:00:00
2021-10-19 02:00:00,538006485,53.5511,9.9937,212,8.507228673057998,HAMBURG,2021-10-20 14:00:00
2021-10-20 18:00:00,538006485,-33.8688,151.2093,97,8.44841695613601,SYDNEY,2021-10-21 16:00:00
2021-10-23 12:00:00,538006485,1.3521,103.8198,53,6.31408651735552,SINGAPORE,2021-10-24 08:00:00
2021-10-23 22:00:00,538006485,29.9668,32.5498,164,11.006833439472498,SUEZ,2021-10-25 13:00:00
2021-10-26 05:00:00,538006485,35.6895,139.6917,114,2.0914023522458614,TOKYO,2021-10-27 16:00:00
2021-10-28 22:00:00,538006485,31.1561,29.8652,297,16.477305013758972,SIDI KERIR,2021-10-30 02:00:00
2021-10-31 18:00:00,538006485,31.2304,121.4737,228,13.781494006348577,SHANGHAI,2021-11-02 04:00:00
2021-11-02 18:00:00,538006485,34.0522,-118.2437,176,5.4349972979762455,LOS ANGELES,2021-11-03 05:00:00
2021-11-03 13:00:00,538006485,35.6895,139.6917,344,6.367858843719496,TOKYO,2021-11-04 23:00:00
2021-11-06 02:00:00,538006485,51.9225,4.4792,69,10.80779656801386,ROTTERDAM,2021-11-06 09:00:00
2021-11-06 21:00:00,538006485,53.5511,9.9937,317,18.891394507399568,HAMBURG,2021-11-07 12:00:00
2021-11-09 19:00:00,538006485,-33.8688,151.2093,233,18.23908077531456,SYDNEY,2021-11-10 03:00:00
2021-11-10 18:00:00,538006485,31.1561,29.8652,34,13.720063841551829,SIDI KERIR,2021-11-12 07:00:00
2021-11-12 15:00:00,538006485,35.6895,139.6917,278,4.899182574350876,TOKYO,2021-11-12 22:00:00
2021-11-14 20:00:00,538006485,25.276987,55.296249,93,8.505870940736793,DUBAI,2021-11-15 11:00:00
2021-11-17 20:00:00,538006485,35.6895,139.6917,92,2.089406761683499,TOKYO,2021-11-19 02:00:00
2021-11-18 10:00:00,538006485,-33.8688,151.2093,252,15.668120380213049,SYDNEY,2021-11-19 03:00:00
2021-11-21 03:00:00,538006485,1.3521,103.8198,254,10.737150599891123,SINGAPORE,2021-11-21 19:00:00
2021-11-21 19:00:00,538006485,51.9225,4.4792,208,19.361121664021216,ROTTERDAM,2021-11-23 02:00:00
2021-11-24 05:00:00,538006485,-33.8688,151.2093,262,6.409867741390782,SYDNEY,2021-11-25 05:00:00
2021-11-24 14:00:00,538006485,31.1561,29.8652,56,11.818421077094163,SIDI KERIR,2021-11-26 07:00:00
2021-11-27 09:00:00,538006485,1.3521,103.8198,0,5.479906450767005,SINGAPORE,2021-11-28 19:00:00
2021-11-30 06:00:00,538006485,31.2304,121.4737,219,0.5075234219260127,SHANGHAI,2021-11-30 17:00:00
2021-12-03 06:00:00,538006485,-33.8688,151.2093,294,10.747518036415272,SYDNEY,2021-12-04 22:00:00
2021-12-03 17:00:00,538006485,1.3521,103.8198,3,0.7393016460627777,SINGAPORE,2021-12-05 13:00:00
2021-12-04 10:00:00,538006485,1.3521,103.8198,150,8.591883961677167,SINGAPORE,2021-12-05 18:00:00
2021-12-06 16:00:00,538006485,31.2304,121.4737,101,6.119290850470338,SHANGHAI,2021-12-06 21:00:00
2021-12-06 23:00:00,538006485,31.2304,121.4737,150,17.336389121323787,SHANGHAI,2021-12-08 00:00:00
2021-12-09 09:00:00,538006485,53.5511,9.9937,83,11.929254907597812,HAMBURG,2021-12-10 05:00:00
2021-12-11 14:00:00,538006485,25.276987,55.296249,205,17.777775612386208,DUBAI,2021-12-13 00:00:00
2021-12-14 13:00:00,538006485,31.1561,29.8652,8,0.9898025132649302,SIDI KERIR,2021-12-15 19:00:00
2021-12-16 09:00:00,538006485,34.0522,-118.2437,248,3.6183077985457612,LOS ANGELES,2021-12-18 02:00:00
2021-12-17 22:00:00,538006485,34.0522,-118.2437,295,18.54698116927804,LOS ANGELES,2021-12-18 03:00:00
2021-12-20 14:00:00,538006485,25.276987,55.296249,151,11.50193602024402,DUBAI,2021-12-22 01:00:00
2021-12-20 23:00:00,538006485,35.6895,139.6917,124,6.922393001967726,TOKYO,2021-12-21 04:00:00
2021-12-21 18:00:00,538006485,25.276987,55.296249,263,7.885705552500363,DUBAI,2021-12-23 07:00:00
2021-12-22 05:00:00,538006485,51.9225,4.4792,10,15.677622328140576,ROTTERDAM,2021-12-23 13:00:00
2021-12-24 17:00:00,538006485,31.1561,29.8652,114,7.847013499531608,SIDI KERIR,2021-12-25 05:00:00
2021-12-25 05:00:00,538006485,35.6895,139.6917,190,6.003926330080787,TOKYO,2021-12-25 12:00:00
2021-12-26 02:00:00,538006485,51.9225,4.4792,164,11.058129285817824,ROTTERDAM,2021-12-28 00:00:00
2021-12-26 20:00:00,538006485,-33.8688,151.2093,321,7.905225171781305,SYDNEY,2021-12-27 05:00:00
2021-12-29 07:00:00,538006485,29.9668,32.5498,298,6.87813300860719,SUEZ,2021-12-30 06:00:00
2021-12-30 21:00:00,538006485,1.3521,103.8198,207,3.029028255840136,SINGAPORE,2021-12-31 05:00:00
2021-12-31 13:00:00,538006485,1.3521,103.8198,154,7.969501809664727,SINGAPORE,2021-12-31 22:00:00
2022-01-02 11:00:00,538006485,25.276987,55.296249,282,16.864607446745843,DUBAI,2022-01-04 03:00:00
2022-01-04 14:00:00,538006485,31.1561,29.8652,13,0.7058446746537617,SIDI KERIR,2022-01-04 22:00:00
2022-01-06 03:00:00,538006485,29.9668,32.5498,80,8.405160359946997,SUEZ,2022-01-07 09:00:00
2022-01-08 00:00:00,538006485,34.0522,-118.2437,9,1.4573024276778512,LOS ANGELES,2022-01-08 08:00:00
2022-01-09 17:00:00,538006485,51.9225,4.4792,45,6.557592750812962,ROTTERDAM,2022-01-09 21:00:00
2022-01-11 12:00:00,538006485,34.0522,-118.2437,131,6.78474630691171,LOS ANGELES,2022-01-11 20:00:00
2022-01-14 08:00:00,538006485,1.3521,103.8198,28,16.433505660496408,SINGAPORE,2022-01-15 11:00:00
2022-01-14 17:00:00,538006485,53.5511,9.9937,255,2.302246719343408,HAMBURG,2022-01-16 04:00:00
2022-01-15 16:00:00,538006485,-33.8688,151.2093,23,10.835410869524981,SYDNEY,2022-01-17 05:00:00
2022-01-17 16:00:00,538006485,35.6895,139.6917,313,11.171854790060978,TOKYO,2022-01-19 10:00:00
2022-01-20 03:00:00,538006485,29.9668,32.5498,209,16.136338709289873,SUEZ,2022-01-21 14:00:00
2022-01-20 22:00:00,538006485,31.1561,29.8652,200,1.8854796043463495,SIDI KERIR,2022-01-21 18:00:00
2022-01-21 03:00:00,538006485,31.2304,121.4737,290,2.4592369604751263,SHANGHAI,2022-01-22 05:00:00
2022-01-22 07:00:00,538006485,34.0522,-118.2437,119,19.09388959535881,LOS ANGELES,2022-01-23 16:00:00
2022-01-22 12:00:00,538006485,-33.8688,151.2093,61,18.189739106018724,SYDNEY,2022-01-23 13:00:00
2022-01-22 19:00:00,538006485,31.2304,121.4737,294,16.370457443337077,SHANGHAI,2022-01-24 01:00:00
2022-01-22 23:00:00,538006485,34.0522,-118.2437,336,0.47005652111143936,LOS ANGELES,2022-01-23 23:00:00
2022-01-25 03:00:00,538006485,1.3521,103.8198,273,4.7361331564324605,SINGAPORE,2022-01-26 01:00:00
2022-01-25 20:00:00,538006485,34.0522,-118.2437,209,13.857857099940922,LOS ANGELES,2022-01-26 16:00:00
2022-01-28 17:00:00,538006485,31.1561,29.8652,194,1.3602258375240028,SIDI KERIR,2022-01-29 15:00:00
2022-01-29 04:00:00,538006485,-33.8688,151.2093,315,0.2213078120119727,SYDNEY,2022-01-30 15:00:00
2022-01-29 16:00:00,538006485,-33.8688,151.2093,35,11.4778782340817,SYDNEY,2022-01-30 23:00:00
2022-01-30 01:00:00,538006485,35.6895,139.6917,114,9.113223500280432,TOKYO,2022-01-31 22:00:00
2022-02-01 14:00:00,538006485,-33.8688,151.2093,186,4.573484264384393,SYDNEY,2022-02-03 05:00:00
2022-02-02 18:00:00,538006485,31.1561,29.8652,257,1.5108470831771448,SIDI KERIR,2022-02-04 00:00:00
2022-02-04 06:00:00,538006485,34.0522,-118.2437,20,2.128840358404507,LOS ANGELES,2022-02-06 04:00:00
2022-02-06 23:00:00,538006485,53.5511,9.9937,86,3.158776105783425,HAMBURG,2022-02-07 16:00:00
2022-02-07 09:00:00,538006485,-33.8688,151.2093,220,16.402131510101864,SYDNEY,2022-02-08 10:00:00
2022-02-08 16:00:00,538006485,35.6895,139.6917,14,13.10715963719302,TOKYO,2022-02-09 14:00:00
2022-02-11 16:00:00,538006485,35.6895,139.6917,271,11.865421092369445,TOKYO,2022-02-11 22:00:00
2022-02-12 15:00:00,538006485,31.1561,29.8652,180,2.2978717582145958,SIDI KERIR,2022-02-13 15:00:00
2022-02-13 02:00:00,538006485,53.5511,9.9937,173,15.540047000336827,HAMBURG,2022-02-14 18:00:00
2022-02-14 06:00:00,538006485,51.9225,4.4792,81,17.47186371230925,ROTTERDAM,2022-02-16 02:00:00
2022-02-15 19:00:00,538006485,1.3521,103.8198,183,9.278403846997563,SINGAPORE,2022-02-16 13:00:00
2022-02-16 00:00:00,538006485,25.276987,55.296249,5,2.945481955065916,DUBAI,2022-02-17 18:00:00
2022-02-18 16:00:00,538006485,31.1561,29.8652,143,6.383842336229602,SIDI KERIR,2022-02-20 08:00:00
2022-02-19 22:00:00,538006485,31.1561,29.8652,202,4.285967966147856,SIDI KERIR,2022-02-20 21:00:00
2022-02-20 10:00:00,538006485,25.276987,55.296249,95,12.508212344127283,DUBAI,2022-02-22 00:00:00
2022-02-20 14:00:00,538006485,31.2304,121.4737,16,14.979157633176118,SHANGHAI,2022-02-21 05:00:00
2022-02-21 10:00:00,538006485,51.9225,4.4792,10,3.4388726041741613,ROTTERDAM,2022-02-21 21:00:00
2022-02-22 06:00:00,538006485,34.0522,-118.2437,323,13.562375315948971,LOS ANGELES,2022-02-22 19:00:00
2022-02-24 03:00:00,538006485,51.9225,4.4792,114,5.874986245593796,ROTTERDAM,2022-02-26 02:00:00
2022-02-24 09:00:00,538006485,25.276987,55.296249,164,19.2932268148561,DUBAI,2022-02-26 00:00:00
2022-02-25 18:00:00,538006485,-33.8688,151.2093,316,1.4277696935854522,SYDNEY,2022-02-27 15:00:00
2022-02-27 23:00:00,538006485,25.276987,55.296249,98,6.234714003427751,DUBAI,2022-02-28 11:00:00
2022-03-01 12:00:00,538006485,31.2304,121.4737,280,15.661115310328988,SHANGHAI,2022-03-01 18:00:00
2022-03-03 09:00:00,538006485,-33.8688,151.2093,41,0.4448547758405019,SYDNEY,2022-03-05 05:00:00
2022-03-04 06:00:00,538006485,31.1561,29.8652,289,9.872430788146476,SIDI KERIR,2022-03-05 09:00:00
2022-03-06 20:00:00,538006485,35.6895,139.6917,288,7.764754935986458,TOKYO,2022-03-07 07:00:00
2022-03-07 15:00:00,538006485,51.9225,4.4792,7,14.43829353872734,ROTTERDAM,2022-03-08 09:00:00
2022-03-09 06:00:00,538006485,31.2304,121.4737,24,14.897279019313958,SHANGHAI,2022-03-10 01:00:00
2022-03-12 06:00:00,538006485,-33.8688,151.2093,305,8.114252942335265,SYDNEY,2022-03-13 07:00:00
2022-03-15 01:00:00,538006485,51.9225,4.4792,79,14.218460014623881,ROTTERDAM,2022-03-16 03:00:00
2022-03-16 10:00:00,538006485,53.5511,9.9937,322,8.324625145687941,HAMBURG,2022-03-16 21:00:00
2022-03-18 11:00:00,538006485,29.9668,32.5498,200,6.8595289000263,SUEZ,2022-03-19 22:00:00
2022-03-21 10:00:00,538006485,35.6895,139.6917,55,19.426016633968366,TOKYO,2022-03-22 01:00:00
2022-03-23 04:00:00,538006485,31.1561,29.8652,241,18.679714260847497,SIDI KERIR,2022-03-24 05:00:00
2022-03-24 07:00:00,538006485,-33.8688,151.2093,315,4.517446671363841,SYDNEY,2022-03-25 04:00:00
2022-03-25 17:00:00,538006485,31.1561,29.8652,180,3.5008822959883013,SIDI KERIR,2022-03-26 06:00:00
2022-03-26 02:00:00,538006485,-33.8688,151.2093,192,13.629006026019791,SYDNEY,2022-03-27 05:00:00
2022-03-28 07:00:00,538006485,1.3521,103.8198,317,10.375925092517104,SINGAPORE,2022-03-28 11:00:00
2022-03-29 18:00:00,538006485,31.1561,29.8652,46,16.360355238101864,SIDI KERIR,2022-03-31 16:00:00
2022-04-01 06:00:00,538006485,51.9225,4.4792,59,1.1411748470612904,ROTTERDAM,2022-04-03 04:00:00
2022-04-01 15:00:00,538006485,1.3521,103.8198,141,2.309919580455453,SINGAPORE,2022-04-02 01:00:00
2022-04-01 22:00:00,538006485,35.6895,139.6917,28,4.413841675203914,TOKYO,2022-04-03 04:00:00
2022-04-04 03:00:00,538006485,51.9225,4.4792,42,12.41301893386461,ROTTERDAM,2022-04-05 03:00:00
2022-04-04 13:00:00,538006485,29.9668,32.5498,263,7.314513573483035,SUEZ,2022-04-05 17:00:00
2022-04-07 11:00:00,538006485,31.2304,121.4737,125,18.76283783053055,SHANGHAI,2022-04-08 06:00:00
2022-04-08 00:00:00,538006485,31.1561,29.8652,74,4.613704599137414,SIDI KERIR,2022-04-08 11:00:00
2022-04-08 08:00:00,538006485,-33.8688,151.2093,294,7.13600534531267,SYDNEY,2022-04-08 23:00:00
2022-04-09 02:00:00,538006485,51.9225,4.4792,142,14.16881875675243,ROTTERDAM,2022-04-10 10:00:00
2022-04-11 13:00:00,538006485,51.9225,4.4792,280,13.36889446365664,ROTTERDAM,2022-04-12 15:00:00
2022-04-12 02:00:00,538006485,31.2304,121.4737,135,5.2880909510716645,SHANGHAI,2022-04-13 06:00:00
2022-04-13 20:00:00,538006485,31.2304,121.4737,270,0.6390046861190934,SHANGHAI,2022-04-14 03:00:00
2022-04-15 02:00:00,538006485,-33.8688,151.2093,351,6.649294353216604,SYDNEY,2022-04-16 00:00:00
2022-04-16 01:00:00,538006485,-33.8688,151.2093,60,17.55372794462676,SYDNEY,2022-04-17 18:00:00
2022-04-17 00:00:00,538006485,-33.8688,151.2093,277,5.094737971122514,SYDNEY,2022-04-18 12:00:00
2022-04-19 13:00:00,538006485,25.276987,55.296249,175,10.301026336469715,DUBAI,2022-04-19 21:00:00
2022-04-22 10:00:00,538006485,53.5511,9.9937,87,5.6422541742879995,HAMBURG,2022-04-23 15:00:00
2022-04-22 17:00:00,538006485,34.0522,-118.2437,50,7.7758860081194525,LOS ANGELES,2022-04-23 22:00:00
2022-04-24 09:00:00,538006485,34.0522,-118.2437,346,13.383113030723353,LOS ANGELES,2022-04-24 16:00:00
2022-04-26 16:00:00,538006485,25.276987,55.296249,264,17.53454115241474,DUBAI,2022-04-27 00:00:00
2022-04-27 19:00:00,538006485,35.6895,139.6917,338,16.298976640359232,TOKYO,2022-04-29 18:00:00
2022-04-29 23:00:00,538006485,1.3521,103.8198,242,14.995247310128395,SINGAPORE,2022-05-01 07:00:00
2022-05-02 20:00:00,538006485,31.2304,121.4737,210,6.4933829059935855,SHANGHAI,2022-05-04 01:00:00
2022-05-03 00:00:00,538006485,25.276987,55.296249,138,2.0915953015111155,DUBAI,2022-05-03 19:00:00
2022-05-05 07:00:00,538006485,34.0522,-118.2437,148,4.551847369682164,LOS ANGELES,2022-05-05 12:00:00
2022-05-07 10:00:00,538006485,25.276987,55.296249,273,16.704893225401612,DUBAI,2022-05-09 04:00:00
2022-05-07 20:00:00,538006485,34.0522,-118.2437,262,12.876228505189385,LOS ANGELES,2022-05-08 02:00:00
2022-05-08 02:00:00,538006485,51.9225,4.4792,292,18.20861916482747,ROTTERDAM,2022-05-09 21:00:00
2022-05-09 16:00:00,538006485,31.2304,121.4737,229,4.344826190559356,SHANGHAI,2022-05-11 08:00:00
2022-05-12 01:00:00,538006485,53.5511,9.9937,268,2.5381294175356595,HAMBURG,2022-05-12 11:00:00
2022-05-14 13:00:00,538006485,31.1561,29.8652,349,18.077393168799475,SIDI KERIR,2022-05-15 17:00:00
2022-05-17 05:00:00,538006485,34.0522,-118.2437,256,18.61801352615162,LOS ANGELES,2022-05-17 12:00:00
2022-05-19 01:00:00,538006485,53.5511,9.9937,268,12.86414648762354,HAMBURG,2022-05-19 06:00:00
2022-05-21 06:00:00,538006485,25.276987,55.296249,297,15.5522062667403,DUBAI,2022-05-22 01:00:00
2022-05-23 18:00:00,538006485,51.9225,4.4792,222,12.044490263391207,ROTTERDAM,2022-05-24 11:00:00
2022-05-26 01:00:00,538006485,25.276987,55.296249,325,5.90322621058176,DUBAI,2022-05-26 14:00:00
2022-05-27 02:00:00,538006485,1.3521,103.8198,129,19.594707641323613,SINGAPORE,2022-05-28 22:00:00
2022-05-28 08:00:00,538006485,-33.8688,151.2093,360,13.254267755068112,SYDNEY,2022-05-30 02:00:00
2022-05-30 01:00:00,538006485,31.2304,121.4737,134,9.873798737327776,SHANGHAI,2022-05-31 18:00:00
2022-06-01 17:00:00,538006485,25.276987,55.296249,132,1.8024148490444336,DUBAI,2022-06-02 13:00:00
2022-06-03 13:00:00,538006485,-33.8688,151.2093,283,3.8015761496025635,SYDNEY,2022-06-04 21:00:00
2022-06-05 03:00:00,538006485,1.3521,103.8198,139,6.626502258807747,SINGAPORE,2022-06-06 21:00:00
2022-06-05 18:00:00,538006485,31.2304,121.4737,84,15.469322372233798,SHANGHAI,2022-06-07 04:00:00
2022-06-07 04:00:00,538006485,34.0522,-118.2437,11,10.237402670536401,LOS ANGELES,2022-06-07 12:00:00
2022-06-07 22:00:00,538006485,34.0522,-118.2437,101,17.86973745147155,LOS ANGELES,2022-06-09 00:00:00
2022-06-08 12:00:00,538006485,25.276987,55.296249,252,1.1812650555586868,DUBAI,2022-06-10 09:00:00
2022-06-11 07:00:00,538006485,34.0522,-118.2437,69,15.620419374172233,LOS ANGELES,2022-06-12 04:00:00
2022-06-12 15:00:00,538006485,29.9668,32.5498,271,3.2102130626914493,SUEZ,2022-06-14 13:00:00
2022-06-15 01:00:00,538006485,31.1561,29.8652,139,1.680463767978082,SIDI KERIR,2022-06-15 18:00:00
2022-06-17 18:00:00,538006485,29.9668,32.5498,112,12.343877463384382,SUEZ,2022-06-18 14:00:00
2022-06-20 12:00:00,538006485,-33.8688,151.2093,41,16.539580981145072,SYDNEY,2022-06-20 20:00:00
2022-06-21 02:00:00,538006485,35.6895,139.6917,108,3.274502109701376,TOKYO,2022-06-22 23:00:00
2022-06-23 04:00:00,538006485,25.276987,55.296249,129,4.310826059281288,DUBAI,2022-06-24 06:00:00
2022-06-25 08:00:00,538006485,51.9225,4.4792,29,17.422302102715424,ROTTERDAM,2022-06-26 07:00:00
2022-06-28 07:00:00,538006485,31.1561,29.8652,103,14.524676328136659,SIDI KERIR,2022-06-29 08:00:00
2022-06-29 09:00:00,538006485,29.9668,32.5498,85,15.318109181952504,SUEZ,2022-06-29 21:00:00
2022-07-01 12:00:00,538006485,35.6895,139.6917,302,11.490605359743487,TOKYO,2022-07-02 09:00:00
2022-07-04 11:00:00,538006485,35.6895,139.6917,179,18.05352235147125,TOKYO,2022-07-06 10:00:00
2022-07-07 05:00:00,538006485,31.1561,29.8652,2,6.400827494628247,SIDI KERIR,2022-07-07 19:00:00
2022-07-07 11:00:00,538006485,29.9668,32.5498,247,11.151416894186658,SUEZ,2022-07-08 00:00:00
2022-07-08 06:00:00,538006485,31.1561,29.8652,174,13.684817835347811,SIDI KERIR,2022-07-09 00:00:00
2022-07-08 22:00:00,538006485,34.0522,-118.2437,243,10.137581546305084,LOS ANGELES,2022-07-09 18:00:00
2022-07-11 16:00:00,538006485,31.2304,121.4737,54,11.338775832466402,SHANGHAI,2022-07-13 11:00:00
2022-07-13 03:00:00,538006485,53.5511,9.9937,125,12.582844185137558,HAMBURG,2022-07-14 11:00:00
2022-07-14 11:00:00,538006485,31.2304,121.4737,10,7.165510706290084,SHANGHAI,2022-07-15 10:00:00
2022-07-16 14:00:00,538006485,29.9668,32.5498,308,7.193319510911255,SUEZ,2022-07-17 18:00:00
2022-07-18 10:00:00,538006485,-33.8688,151.2093,258,13.555892987826713,SYDNEY,2022-07-20 07:00:00
2022-07-19 17:00:00,538006485,31.2304,121.4737,208,14.286152578062923,SHANGHAI,2022-07-21 03:00:00
2022-07-21 11:00:00,538006485,-33.8688,151.2093,55,6.810766136548343,SYDNEY,2022-07-21 23:00:00
2022-07-23 04:00:00,538006485,31.2304,121.4737,328,19.419127241147642,SHANGHAI,2022-07-23 16:00:00
2022-07-25 00:00:00,538006485,51.9225,4.4792,74,13.095261043378164,ROTTERDAM,2022-07-26 12:00:00
2022-07-25 07:00:00,538006485,31.2304,121.4737,141,14.842180495672752,SHANGHAI,2022-07-27 00:00:00
2022-07-25 11:00:00,538006485,29.9668,32.5498,162,9.84368637275352,SUEZ,2022-07-25 17:00:00
2022-07-27 03:00:00,538006485,31.2304,121.4737,46,11.450454547874262,SHANGHAI,2022-07-28 14:00:00
2022-07-28 09:00:00,538006485,29.9668,32.5498,156,1.5179618259090177,SUEZ,2022-07-30 02:00:00
2022-07-30 22:00:00,538006485,1.3521,103.8198,356,1.7439594586795248,SINGAPORE,2022-08-01 05:00:00
2022-08-02 05:00:00,538006485,53.5511,9.9937,74,14.595782998295396,HAMBURG,2022-08-03 19:00:00
2022-08-02 20:00:00,538006485,31.2304,121.4737,149,2.682186018060204,SHANGHAI,2022-08-03 21:00:00
2022-08-04 02:00:00,538006485,29.9668,32.5498,339,3.4198507310784554,SUEZ,2022-08-05 07:00:00
2022-08-05 06:00:00,538006485,51.9225,4.4792,280,13.701490091481062,ROTTERDAM,2022-08-07 01:00:00
2022-08-05 15:00:00,538006485,31.2304,121.4737,177,11.01488843910262,SHANGHAI,2022-08-07 11:00:00
2022-08-06 12:00:00,538006485,-33.8688,151.2093,165,10.330318318452436,SYDNEY,2022-08-07 00:00:00
2022-08-07 17:00:00,538006485,-33.8688,151.2093,119,16.671495529348192,SYDNEY,2022-08-08 03:00:00
2022-08-08 17:00:00,538006485,29.9668,32.5498,67,15.945497280438243,SUEZ,2022-08-09 00:00:00
2022-08-09 20:00:00,538006485,-33.8688,151.2093,67,4.156834123632541,SYDNEY,2022-08-10 17:00:00
2022-08-10 12:00:00,538006485,51.9225,4.4792,12,7.4086857228359015,ROTTERDAM,2022-08-12 08:00:00
2022-08-11 10:00:00,538006485,29.9668,32.5498,337,13.91072071690817,SUEZ,2022-08-11 22:00:00
2022-08-11 16:00:00,538006485,53.5511,9.9937,171,15.461766202915017,HAMBURG,2022-08-12 19:00:00
2022-08-12 00:00:00,538006485,51.9225,4.4792,239,15.704028116524585,ROTTERDAM,2022-08-13 05:00:00
2022-08-14 10:00:00,538006485,31.2304,121.4737,62,15.539178214722067,SHANGHAI,2022-08-16 00:00:00
2022-08-15 04:00:00,538006485,-33.8688,151.2093,50,17.43780921864751,SYDNEY,2022-08-16 20:00:00
2022-08-15 10:00:00,538006485,1.3521,103.8198,58,15.123495284822768,SINGAPORE,2022-08-17 04:00:00
2022-08-17 08:00:00,538006485,51.9225,4.4792,354,5.209842796937849,ROTTERDAM,2022-08-17 14:00:00
2022-08-18 15:00:00,538006485,-33.8688,151.2093,178,2.490142245035283,SYDNEY,2022-08-19 02:00:00
2022-08-21 11:00:00,538006485,51.9225,4.4792,77,11.785261138227892,ROTTERDAM,2022-08-22 21:00:00
2022-08-23 04:00:00,538006485,25.276987,55.296249,325,16.255515821045957,DUBAI,2022-08-23 22:00:00
2022-08-24 12:00:00,538006485,-33.8688,151.2093,188,5.72587752701935,SYDNEY,2022-08-25 17:00:00
2022-08-26 09:00:00,538006485,35.6895,139.6917,206,13.292162966134981,TOKYO,2022-08-27 14:00:00
2022-08-28 12:00:00,538006485,29.9668,32.5498,109,13.207608264532398,SUEZ,2022-08-30 05:00:00
2022-08-30 01:00:00,538006485,31.2304,121.4737,222,12.38770498346802,SHANGHAI,2022-08-31 22:00:00
2022-09-01 15:00:00,538006485,31.1561,29.8652,3,8.201238061751221,SIDI KERIR,2022-09-03 09:00:00
2022-09-02 07:00:00,538006485,31.2304,121.4737,200,12.89296694070435,SHANGHAI,2022-09-04 01:00:00
2022-09-03 02:00:00,538006485,1.3521,103.8198,9,17.795058348451246,SINGAPORE,2022-09-04 05:00:00
2022-09-04 00:00:00,538006485,34.0522,-118.2437,126,12.024054639534656,LOS ANGELES,2022-09-05 22:00:00
2022-09-06 18:00:00,538006485,-33.8688,151.2093,41,6.360909249139488,SYDNEY,2022-09-07 18:00:00
2022-09-09 05:00:00,538006485,51.9225,4.4792,279,15.570807172962013,ROTTERDAM,2022-09-10 05:00:00
2022-09-10 10:00:00,538006485,31.2304,121.4737,47,18.351916383417628,SHANGHAI,2022-09-11 14:00:00
2022-09-10 15:00:00,538006485,35.6895,139.6917,356,13.148824575039733,TOKYO,2022-09-12 08:00:00
2022-09-11 07:00:00,538006485,31.1561,29.8652,220,11.443456605230777,SIDI KERIR,2022-09-12 14:00:00
2022-09-12 06:00:00,538006485,25.276987,55.296249,119,14.556232941216233,DUBAI,2022-09-13 06:00:00
2022-09-15 02:00:00,538006485,31.1561,29.8652,279,2.7225152901592686,SIDI KERIR,2022-09-16 08:00:00
2022-09-18 00:00:00,538006485,35.6895,139.6917,160,16.63518215454794,TOKYO,2022-09-18 21:00:00
2022-09-19 18:00:00,538006485,1.3521,103.8198,253,4.820147261105072,SINGAPORE,2022-09-21 06:00:00
2022-09-20 06:00:00,538006485,53.5511,9.9937,176,9.680272320513968,HAMBURG,2022-09-20 22:00:00
2022-09-23 04:00:00,538006485,34.0522,-118.2437,54,7.829923577894295,LOS ANGELES,2022-09-23 11:00:00
2022-09-24 00:00:00,538006485,35.6895,139.6917,298,14.670095862176424,TOKYO,2022-09-25 14:00:00
2022-09-24 21:00:00,538006485,1.3521,103.8198,258,9.039275273926577,SINGAPORE,2022-09-25 02:00:00
2022-09-27 17:00:00,538006485,35.6895,139.6917,160,11.790988580223914,TOKYO,2022-09-28 09:00:00
2022-09-30 07:00:00,538006485,35.6895,139.6917,28,14.66107319568927,TOKYO,2022-09-30 12:00:00
2022-10-03 03:00:00,538006485,25.276987,55.296249,80,8.171701269324805,DUBAI,2022-10-04 23:00:00
2022-10-04 02:00:00,538006485,29.9668,32.5498,42,14.11820674245849,SUEZ,2022-10-04 20:00:00
2022-10-04 19:00:00,538006485,31.1561,29.8652,144,7.731745784573231,SIDI KERIR,2022-10-05 00:00:00
2022-10-05 06:00:00,538006485,1.3521,103.8198,324,3.589087921258609,SINGAPORE,2022-10-06 12:00:00
2022-10-07 03:00:00,538006485,31.1561,29.8652,163,9.971398089269663,SIDI KERIR,2022-10-08 10:00:00
2022-10-07 22:00:00,538006485,51.9225,4.4792,286,7.4114388436385585,ROTTERDAM,2022-10-08 05:00:00
2022-10-08 21:00:00,538006485,31.1561,29.8652,166,5.498718479765126,SIDI KERIR,2022-10-10 04:00:00
2022-10-11 04:00:00,538006485,1.3521,103.8198,317,6.552001094963651,SINGAPORE,2022-10-13 01:00:00
2022-10-12 00:00:00,538006485,31.2304,121.4737,104,1.8126554402148387,SHANGHAI,2022-10-12 15:00:00
2022-10-13 08:00:00,538006485,29.9668,32.5498,214,17.062285524424684,SUEZ,2022-10-13 14:00:00
2022-10-14 15:00:00,538006485,29.9668,32.5498,35,15.820031627075469,SUEZ,2022-10-15 19:00:00
2022-10-14 23:00:00,538006485,-33.8688,151.2093,335,5.416537849613016,SYDNEY,2022-10-15 13:00:00
2022-10-16 00:00:00,538006485,35.6895,139.6917,76,4.682393947597035,TOKYO,2022-10-17 02:00:00
2022-10-17 12:00:00,538006485,35.6895,139.6917,149,14.61125831792775,TOKYO,2022-10-17 23:00:00
2022-10-18 16:00:00,538006485,25.276987,55.296249,320,17.926842200195413,DUBAI,2022-10-20 08:00:00
2022-10-19 16:00:00,538006485,31.2304,121.4737,154,6.927464901573184,SHANGHAI,2022-10-20 05:00:00
2022-10-19 23:00:00,538006485,-33.8688,151.2093,279,17.36851982585858,SYDNEY,2022-10-21 14:00:00
2022-10-21 00:00:00,538006485,31.1561,29.8652,257,15.462720911261192,SIDI KERIR,2022-10-21 21:00:00
2022-10-23 02:00:00,538006485,1.3521,103.8198,191,3.4431086042552117,SINGAPORE,2022-10-24 14:00:00
2022-10-25 13:00:00,538006485,35.6895,139.6917,337,11.878956903158056,TOKYO,2022-10-26 21:00:00
2022-10-25 19:00:00,538006485,53.5511,9.9937,70,19.333485872147918,HAMBURG,2022-10-27 03:00:00
2022-10-28 12:00:00,538006485,31.1561,29.8652,173,19.508331809525572,SIDI KERIR,2022-10-28 20:00:00
2022-10-29 01:00:00,538006485,-33.8688,151.2093,295,14.877711028621741,SYDNEY,2022-10-30 22:00:00
2022-10-29 05:00:00,538006485,51.9225,4.4792,28,9.795102042869521,ROTTERDAM,2022-10-30 11:00:00
2022-10-30 12:00:00,538006485,31.2304,121.4737,343,9.03301195737458,SHANGHAI,2022-11-01 11:00:00
2022-10-31 20:00:00,538006485,25.276987,55.296249,6,5.778454577408789,DUBAI,2022-11-02 07:00:00
2022-11-03 17:00:00,538006485,1.3521,103.8198,266,7.686696786365081,SINGAPORE,2022-11-05 12:00:00
2022-11-06 16:00:00,538006485,-33.8688,151.2093,84,6.000731183494967,SYDNEY,2022-11-08 10:00:00
2022-11-08 14:00:00,538006485,53.5511,9.9937,235,2.684389172977051,HAMBURG,2022-11-08 19:00:00
2022-11-11 03:00:00,538006485,1.3521,103.8198,139,0.4833041574660757,SINGAPORE,2022-11-12 22:00:00
2022-11-12 22:00:00,538006485,34.0522,-118.2437,263,6.972303484235063,LOS ANGELES,2022-11-14 04:00:00
2022-11-15 12:00:00,538006485,51.9225,4.4792,300,3.8009006853445326,ROTTERDAM,2022-11-17 12:00:00
2022-11-18 09:00:00,538006485,29.9668,32.5498,239,3.08446798451377,SUEZ,2022-11-19 15:00:00
2022-11-18 14:00:00,538006485,31.2304,121.4737,339,8.251487051196222,SHANGHAI,2022-11-18 22:00:00
2022-11-21 08:00:00,538006485,31.1561,29.8652,160,11.91302910244402,SIDI KERIR,2022-11-22 08:00:00
2022-11-23 00:00:00,538006485,29.9668,32.5498,199,3.4126979277444747,SUEZ,2022-11-23 08:00:00
2022-11-24 01:00:00,538006485,31.1561,29.8652,78,5.437198028860742,SIDI KERIR,2022-11-24 19:00:00
2022-11-24 11:00:00,538006485,25.276987,55.296249,52,5.557781983114216,DUBAI,2022-11-26 09:00:00
2022-11-27 08:00:00,538006485,35.6895,139.6917,180,0.3830713023601251,TOKYO,2022-11-29 06:00:00
2022-11-30 07:00:00,538006485,31.2304,121.4737,351,9.065906464692183,SHANGHAI,2022-11-30 21:00:00
2022-12-01 08:00:00,538006485,1.3521,103.8198,132,17.237724960249086,SINGAPORE,2022-12-02 19:00:00
2022-12-04 00:00:00,538006485,1.3521,103.8198,314,14.956104556945988,SINGAPORE,2022-12-04 21:00:00
2022-12-06 06:00:00,538006485,1.3521,103.8198,246,7.62338409484464,SINGAPORE,2022-12-08 02:00:00
2022-12-09 04:00:00,538006485,34.0522,-118.2437,166,18.239724525575596,LOS ANGELES,2022-12-09 10:00:00
2022-12-10 21:00:00,538006485,35.6895,139.6917,101,0.06406853710624105,TOKYO,2022-12-12 11:00:00
2022-12-12 11:00:00,538006485,25.276987,55.296249,8,11.906715073318066,DUBAI,2022-12-13 16:00:00
2022-12-12 19:00:00,538006485,34.0522,-118.2437,232,8.999762907952892,LOS ANGELES,2022-12-13 06:00:00
2022-12-15 03:00:00,538006485,31.2304,121.4737,189,11.415066799000115,SHANGHAI,2022-12-15 21:00:00
2022-12-17 09:00:00,538006485,25.276987,55.296249,283,11.846522371518432,DUBAI,2022-12-17 20:00:00
2022-12-18 22:00:00,538006485,51.9225,4.4792,199,12.5484258142389,ROTTERDAM,2022-12-20 18:00:00
2022-12-20 01:00:00,538006485,51.9225,4.4792,76,0.6890847600272476,ROTTERDAM,2022-12-20 23:00:00
2022-12-20 16:00:00,538006485,25.276987,55.296249,190,2.8164751454203807,DUBAI,2022-12-22 16:00:00
2022-12-21 09:00:00,538006485,31.1561,29.8652,211,0.31147552338808726,SIDI KERIR,2022-12-23 08:00:00
2022-12-23 22:00:00,538006485,31.2304,121.4737,319,16.134224050653035,SHANGHAI,2022-12-24 23:00:00
2022-12-26 13:00:00,538006485,53.5511,9.9937,131,11.881090908574745,HAMBURG,2022-12-26 22:00:00
2022-12-26 20:00:00,538006485,34.0522,-118.2437,147,3.4713679626617866,LOS ANGELES,2022-12-28 13:00:00
2022-12-29 17:00:00,538006485,53.5511,9.9937,134,17.45412946091049,HAMBURG,2022-12-30 23:00:00
2023-01-01 14:00:00,538006485,53.5511,9.9937,102,1.107546086623108,HAMBURG,2023-01-02 01:00:00
2023-01-01 21:00:00,538006485,31.2304,121.4737,359,18.387776042651247,SHANGHAI,2023-01-03 17:00:00
2023-01-03 01:00:00,538006485,31.1561,29.8652,115,12.213228871329543,SIDI KERIR,2023-01-04 17:00:00
2023-01-05 17:00:00,538006485,-33.8688,151.2093,233,4.006223025446591,SYDNEY,2023-01-06 02:00:00
2023-01-06 01:00:00,538006485,25.276987,55.296249,310,17.257977773855636,DUBAI,2023-01-06 12:00:00
2023-01-06 16:00:00,538006485,34.0522,-118.2437,52,5.867050001095131,LOS ANGELES,2023-01-07 22:00:00
2023-01-09 10:00:00,538006485,35.6895,139.6917,34,2.4879512080573307,TOKYO,2023-01-11 08:00:00
2023-01-10 14:00:00,538006485,29.9668,32.5498,279,5.698042854009662,SUEZ,2023-01-11 20:00:00
2023-01-11 14:00:00,538006485,29.9668,32.5498,288,16.5098619245687,SUEZ,2023-01-13 14:00:00
2023-01-12 18:00:00,538006485,34.0522,-118.2437,172,5.7837434325451635,LOS ANGELES,2023-01-13 06:00:00
2023-01-13 17:00:00,538006485,31.1561,29.8652,73,19.30933658130286,SIDI KERIR,2023-01-15 12:00:00
2023-01-15 12:00:00,538006485,34.0522,-118.2437,297,2.2009936643365147,LOS ANGELES,2023-01-17 11:00:00
2023-01-17 16:00:00,538006485,-33.8688,151.2093,66,1.7122982302060907,SYDNEY,2023-01-18 01:00:00
2023-01-19 17:00:00,538006485,1.3521,103.8198,350,10.907420574800026,SINGAPORE,2023-01-21 08:00:00
2023-01-22 17:00:00,538006485,31.1561,29.8652,16,8.122345741905765,SIDI KERIR,2023-01-23 07:00:00
2023-01-25 03:00:00,538006485,31.2304,121.4737,28,1.6133999938871657,SHANGHAI,2023-01-25 08:00:00
2023-01-27 18:00:00,538006485,34.0522,-118.2437,291,1.5675599195858658,LOS ANGELES,2023-01-29 00:00:00
2023-01-29 17:00:00,538006485,25.276987,55.296249,137,14.67018035689759,DUBAI,2023-01-30 07:00:00
2023-02-01 00:00:00,538006485,53.5511,9.9937,269,8.165825200186895,HAMBURG,2023-02-01 15:00:00
2023-02-03 16:00:00,538006485,-33.8688,151.2093,35,10.04367943785746,SYDNEY,2023-02-04 17:00:00
2023-02-05 19:00:00,538006485,1.3521,103.8198,80,12.478008593315318,SINGAPORE,2023-02-06 05:00:00
2023-02-06 21:00:00,538006485,-33.8688,151.2093,244,18.31774385762569,SYDNEY,2023-02-08 18:00:00
2023-02-08 07:00:00,538006485,25.276987,55.296249,337,1.5512323868912814,DUBAI,2023-02-09 22:00:00
2023-02-11 03:00:00,538006485,1.3521,103.8198,36,12.31682646898592,SINGAPORE,2023-02-12 23:00:00
2023-02-12 23:00:00,538006485,34.0522,-118.2437,22,0.334164963285295,LOS ANGELES,2023-02-14 22:00:00
2023-02-14 15:00:00,538006485,25.276987,55.296249,111,2.4306034540523314,DUBAI,2023-02-15 19:00:00
2023-02-15 09:00:00,538006485,31.2304,121.4737,68,8.625459799788867,SHANGHAI,2023-02-15 20:00:00
2023-02-15 18:00:00,538006485,34.0522,-118.2437,26,2.930987899222559,LOS ANGELES,2023-02-17 07:00:00
2023-02-16 10:00:00,538006485,31.1561,29.8652,35,17.468217452875013,SIDI KERIR,2023-02-17 21:00:00
2023-02-17 14:00:00,538006485,35.6895,139.6917,148,0.40765646252393983,TOKYO,2023-02-17 21:00:00
2023-02-20 03:00:00,538006485,29.9668,32.5498,276,15.307116947999779,SUEZ,2023-02-20 19:00:00
2023-02-22 20:00:00,538006485,-33.8688,151.2093,186,17.301622071551744,SYDNEY,2023-02-23 01:00:00
2023-02-25 18:00:00,538006485,53.5511,9.9937,30,5.540314737246184,HAMBURG,2023-02-27 17:00:00
2023-02-26 11:00:00,538006485,1.3521,103.8198,163,18.1282523353398,SINGAPORE,2023-02-28 07:00:00
2023-02-27 23:00:00,538006485,34.0522,-118.2437,285,3.1015111564822218,LOS ANGELES,2023-02-28 10:00:00
2023-03-01 03:00:00,538006485,1.3521,103.8198,143,19.685235512304676,SINGAPORE,2023-03-02 06:00:00
2023-03-03 08:00:00,538006485,-33.8688,151.2093,299,11.390725903147324,SYDNEY,2023-03-03 22:00:00
2023-03-05 03:00:00,538006485,51.9225,4.4792,170,5.670527785695699,ROTTERDAM,2023-03-05 14:00:00
2023-03-06 07:00:00,538006485,29.9668,32.5498,210,14.10585408399156,SUEZ,2023-03-07 18:00:00
2023-03-08 13:00:00,538006485,31.2304,121.4737,143,11.149120567393336,SHANGHAI,2023-03-09 14:00:00
2023-03-10 21:00:00,538006485,35.6895,139.6917,142,16.496830571776538,TOKYO,2023-03-12 05:00:00
2023-03-13 09:00:00,538006485,25.276987,55.296249,44,11.647684435932469,DUBAI,2023-03-14 06:00:00
2023-03-15 22:00:00,538006485,25.276987,55.296249,230,7.101939250590156,DUBAI,2023-03-16 15:00:00
2023-03-18 20:00:00,538006485,25.276987,55.296249,39,8.554245652343209,DUBAI,2023-03-19 13:00:00
2023-03-21 11:00:00,538006485,31.1561,29.8652,34,19.799655455518465,SIDI KERIR,2023-03-22 07:00:00
2023-03-24 05:00:00,538006485,31.2304,121.4737,109,14.014745353830833,SHANGHAI,2023-03-25 04:00:00
2023-03-26 02:00:00,538006485,31.2304,121.4737,130,8.941503011254161,SHANGHAI,2023-03-27 04:00:00
2023-03-29 00:00:00,538006485,35.6895,139.6917,119,14.200149426040312,TOKYO,2023-03-29 22:00:00
2023-03-31 12:00:00,538006485,29.9668,32.5498,354,14.12301422818458,SUEZ,2023-04-01 04:00:00
2023-04-02 20:00:00,538006485,31.2304,121.4737,142,12.227717132557128,SHANGHAI,2023-04-03 07:00:00
2023-04-03 03:00:00,538006485,31.1561,29.8652,181,3.82621636564904,SIDI KERIR,2023-04-03 15:00:00
2023-04-06 03:00:00,538006485,1.3521,103.8198,285,6.5782186420997535,SINGAPORE,2023-04-06 08:00:00
2023-04-08 07:00:00,538006485,35.6895,139.6917,314,7.802867779504334,TOKYO,2023-04-09 15:00:00
2023-04-08 11:00:00,538006485,31.2304,121.4737,291,16.776379024995002,SHANGHAI,2023-04-09 06:00:00
2023-04-10 01:00:00,538006485,31.2304,121.4737,34,19.82345513602812,SHANGHAI,2023-04-11 12:00:00
2023-04-10 07:00:00,538006485,-33.8688,151.2093,311,19.971980937904213,SYDNEY,2023-04-10 23:00:00
2023-04-11 01:00:00,538006485,1.3521,103.8198,308,18.639504183211407,SINGAPORE,2023-04-11 08:00:00
2023-04-13 15:00:00,538006485,53.5511,9.9937,317,9.636187235143428,HAMBURG,2023-04-15 06:00:00
2023-04-16 15:00:00,538006485,53.5511,9.9937,82,18.19295712272328,HAMBURG,2023-04-18 08:00:00
2023-04-18 22:00:00,538006485,53.5511,9.9937,308,17.090898690132438,HAMBURG,2023-04-19 11:00:00
2023-04-20 17:00:00,538006485,53.5511,9.9937,90,3.6704793050845375,HAMBURG,2023-04-22 10:00:00
2023-04-23 05:00:00,538006485,31.2304,121.4737,83,11.436809869592519,SHANGHAI,2023-04-24 00:00:00
2023-04-25 13:00:00,538006485,1.3521,103.8198,50,9.565588813109784,SINGAPORE,2023-04-26 09:00:00
2023-04-28 03:00:00,538006485,-33.8688,151.2093,180,16.547571110453497,SYDNEY,2023-04-28 23:00:00
2023-05-01 00:00:00,538006485,-33.8688,151.2093,3,1.582705310401633,SYDNEY,2023-05-01 05:00:00
2023-05-02 05:00:00,538006485,-33.8688,151.2093,90,5.297622879941111,SYDNEY,2023-05-03 10:00:00
2023-05-02 23:00:00,538006485,25.276987,55.296249,15,19.319573491115424,DUBAI,2023-05-03 14:00:00
2023-05-05 09:00:00,538006485,25.276987,55.296249,71,18.44447022488363,DUBAI,2023-05-05 22:00:00
2023-05-07 22:00:00,538006485,31.1561,29.8652,194,2.23940776528625,SIDI KERIR,2023-05-09 14:00:00
2023-05-10 10:00:00,538006485,35.6895,139.6917,176,8.439952924194621,TOKYO,2023-05-12 04:00:00
2023-05-11 05:00:00,538006485,1.3521,103.8198,163,14.746075926934246,SINGAPORE,2023-05-12 06:00:00
2023-05-11 14:00:00,538006485,31.1561,29.8652,345,2.9249718630996724,SIDI KERIR,2023-05-13 08:00:00
2023-05-12 02:00:00,538006485,35.6895,139.6917,68,0.4504896234582967,TOKYO,2023-05-13 19:00:00
2023-05-14 03:00:00,538006485,25.276987,55.296249,45,2.237065956766693,DUBAI,2023-05-15 13:00:00
2023-05-15 21:00:00,538006485,29.9668,32.5498,162,1.1205302983004617,SUEZ,2023-05-17 12:00:00
2023-05-17 10:00:00,538006485,1.3521,103.8198,75,1.795360073015364,SINGAPORE,2023-05-18 04:00:00
2023-05-19 21:00:00,538006485,25.276987,55.296249,52,16.79560033470529,DUBAI,2023-05-20 20:00:00
2023-05-20 18:00:00,538006485,35.6895,139.6917,278,3.305624262215343,TOKYO,2023-05-21 05:00:00
2023-05-23 05:00:00,538006485,-33.8688,151.2093,47,12.993178476720269,SYDNEY,2023-05-23 13:00:00
2023-05-25 22:00:00,538006485,-33.8688,151.2093,300,11.50180941535333,SYDNEY,2023-05-27 00:00:00
2023-05-26 19:00:00,538006485,51.9225,4.4792,40,4.391948238720527,ROTTERDAM,2023-05-28 09:00:00
2023-05-27 04:00:00,538006485,-33.8688,151.2093,337,12.425393967573212,SYDNEY,2023-05-29 02:00:00
2023-05-29 17:00:00,538006485,29.9668,32.5498,182,5.262997090057738,SUEZ,2023-05-30 06:00:00
2023-05-31 18:00:00,538006485,31.1561,29.8652,148,17.94226249702951,SIDI KERIR,2023-06-02 03:00:00
2023-06-02 04:00:00,538006485,25.276987,55.296249,57,16.264377799266466,DUBAI,2023-06-03 02:00:00
2023-06-02 08:00:00,538006485,1.3521,103.8198,34,18.904964652682324,SINGAPORE,2023-06-02 14:00:00
2023-06-03 08:00:00,538006485,29.9668,32.5498,321,7.860055443121608,SUEZ,2023-06-05 02:00:00
2023-06-04 13:00:00,538006485,31.2304,121.4737,29,13.887716699675712,SHANGHAI,2023-06-06 07:00:00
2023-06-04 22:00:00,538006485,29.9668,32.5498,44,11.772041815127368,SUEZ,2023-06-05 08:00:00
2023-06-06 19:00:00,538006485,31.1561,29.8652,295,19.849269623835,SIDI KERIR,2023-06-07 03:00:00
2023-06-08 22:00:00,538006485,53.5511,9.9937,315,2.872053540646169,HAMBURG,2023-06-10 21:00:00
2023-06-09 19:00:00,538006485,1.3521,103.8198,53,9.795089894763393,SINGAPORE,2023-06-10 06:00:00
2023-06-12 08:00:00,538006485,51.9225,4.4792,271,0.5278322373873445,ROTTERDAM,2023-06-13 19:00:00
2023-06-13 12:00:00,538006485,53.5511,9.9937,6,1.978097235667453,HAMBURG,2023-06-14 16:00:00
2023-06-14 13:00:00,538006485,1.3521,103.8198,41,10.577387481750353,SINGAPORE,2023-06-16 00:00:00
2023-06-16 06:00:00,538006485,31.2304,121.4737,241,0.9245791979143658,SHANGHAI,2023-06-17 19:00:00
2023-06-18 09:00:00,538006485,31.1561,29.8652,170,4.0311985632757015,SIDI KERIR,2023-06-18 19:00:00
2023-06-19 08:00:00,538006485,-33.8688,151.2093,126,7.528410440777704,SYDNEY,2023-06-21 07:00:00
2023-06-20 12:00:00,538006485,1.3521,103.8198,193,19.298838320963853,SINGAPORE,2023-06-22 03:00:00
2023-06-21 20:00:00,538006485,31.2304,121.4737,64,16.97954472030837,SHANGHAI,2023-06-23 08:00:00
2023-06-22 03:00:00,538006485,35.6895,139.6917,110,12.286415644985219,TOKYO,2023-06-23 15:00:00
2023-06-24 07:00:00,538006485,35.6895,139.6917,275,16.610742257894657,TOKYO,2023-06-25 22:00:00
2023-06-24 18:00:00,538006485,34.0522,-118.2437,125,3.3153465080774835,LOS ANGELES,2023-06-24 23:00:00
2023-06-25 12:00:00,538006485,1.3521,103.8198,38,17.89377343020922,SINGAPORE,2023-06-25 17:00:00
2023-06-26 23:00:00,538006485,29.9668,32.5498,225,14.029029827548488,SUEZ,2023-06-28 17:00:00
2023-06-27 04:00:00,538006485,51.9225,4.4792,319,0.2697914734483642,ROTTERDAM,2023-06-28 13:00:00
2023-06-28 18:00:00,538006485,53.5511,9.9937,106,3.6088464185293145,HAMBURG,2023-06-30 09:00:00
2023-06-29 20:00:00,538006485,35.6895,139.6917,22,7.195644985439125,TOKYO,2023-07-01 15:00:00
2023-07-02 06:00:00,538006485,29.9668,32.5498,9,16.37005458771965,SUEZ,2023-07-02 15:00:00
2023-07-04 15:00:00,538006485,29.9668,32.5498,299,2.849255135871871,SUEZ,2023-07-05 10:00:00
2023-07-07 10:00:00,538006485,35.6895,139.6917,126,17.903101660947875,TOKYO,2023-07-08 14:00:00
2023-07-10 01:00:00,538006485,-33.8688,151.2093,360,14.039267100849102,SYDNEY,2023-07-10 14:00:00
2023-07-11 11:00:00,538006485,29.9668,32.5498,220,1.4430768485920886,SUEZ,2023-07-12 03:00:00
2023-07-13 20:00:00,538006485,35.6895,139.6917,93,16.526586027942603,TOKYO,2023-07-14 20:00:00
2023-07-16 08:00:00,538006485,34.0522,-118.2437,50,1.121238107246909,LOS ANGELES,2023-07-18 07:00:00
2023-07-18 17:00:00,538006485,34.0522,-118.2437,67,16.030383510065636,LOS ANGELES,2023-07-20 02:00:00
2023-07-21 01:00:00,538006485,31.1561,29.8652,312,4.228460871031158,SIDI KERIR,2023-07-22 21:00:00
2023-07-21 15:00:00,538006485,25.276987,55.296249,254,17.443175358633773,DUBAI,2023-07-22 07:00:00
2023-07-22 04:00:00,538006485,-33.8688,151.2093,294,9.565632878630169,SYDNEY,2023-07-22 10:00:00
2023-07-24 06:00:00,538006485,31.1561,29.8652,112,12.017731877068215,SIDI KERIR,2023-07-24 11:00:00
2023-07-24 13:00:00,538006485,51.9225,4.4792,26,17.421134655229654,ROTTERDAM,2023-07-26 12:00:00
2023-07-25 11:00:00,538006485,51.9225,4.4792,314,3.4282192686948787,ROTTERDAM,2023-07-26 22:00:00
2023-07-28 09:00:00,538006485,31.1561,29.8652,49,10.173342698625216,SIDI KERIR,2023-07-29 00:00:00
2023-07-29 23:00:00,538006485,35.6895,139.6917,7,17.01893919880696,TOKYO,2023-07-30 08:00:00
2023-07-31 12:00:00,538006485,34.0522,-118.2437,214,2.9585616135313497,LOS ANGELES,2023-07-31 19:00:00
2023-08-01 19:00:00,538006485,29.9668,32.5498,267,8.506834454792429,SUEZ,2023-08-02 14:00:00
2023-08-04 15:00:00,538006485,1.3521,103.8198,203,10.409000059098778,SINGAPORE,2023-08-05 02:00:00
2023-08-06 02:00:00,538006485,34.0522,-118.2437,305,8.795157342916895,LOS ANGELES,2023-08-06 18:00:00
2023-08-08 20:00:00,538006485,1.3521,103.8198,311,10.565774689969942,SINGAPORE,2023-08-09 03:00:00
2023-08-10 18:00:00,538006485,51.9225,4.4792,256,2.5253341238229465,ROTTERDAM,2023-08-11 23:00:00
2023-08-12 00:00:00,538006485,31.2304,121.4737,120,17.45725063730001,SHANGHAI,2023-08-12 14:00:00
2023-08-14 09:00:00,538006485,35.6895,139.6917,219,18.16619958052708,TOKYO,2023-08-14 17:00:00
2023-08-15 13:00:00,538006485,25.276987,55.296249,249,7.667122075726489,DUBAI,2023-08-15 22:00:00
2023-08-18 03:00:00,538006485,31.1561,29.8652,322,1.4237087934897552,SIDI KERIR,2023-08-18 21:00:00
2023-08-20 15:00:00,538006485,53.5511,9.9937,29,7.016857775539598,HAMBURG,2023-08-22 08:00:00
2023-08-23 10:00:00,538006485,29.9668,32.5498,192,12.151649463712744,SUEZ,2023-08-23 23:00:00
2023-08-24 02:00:00,538006485,53.5511,9.9937,80,10.337583162229125,HAMBURG,2023-08-25 08:00:00
2023-08-25 22:00:00,538006485,51.9225,4.4792,166,18.15533258252399,ROTTERDAM,2023-08-26 05:00:00
2023-08-28 04:00:00,538006485,51.9225,4.4792,0,10.08486522915936,ROTTERDAM,2023-08-29 23:00:00
2023-08-30 14:00:00,538006485,34.0522,-118.2437,140,15.20555146149553,LOS ANGELES,2023-08-30 23:00:00
2023-08-31 04:00:00,538006485,31.2304,121.4737,76,8.176412852208363,SHANGHAI,2023-08-31 21:00:00
2023-09-01 03:00:00,538006485,51.9225,4.4792,260,11.05986836524973,ROTTERDAM,2023-09-01 15:00:00
2023-09-01 07:00:00,538006485,29.9668,32.5498,19,4.471388252289524,SUEZ,2023-09-02 05:00:00
2023-09-02 19:00:00,538006485,1.3521,103.8198,265,5.371288070704061,SINGAPORE,2023-09-04 17:00:00
2023-09-05 08:00:00,538006485,34.0522,-118.2437,120,13.650187312998321,LOS ANGELES,2023-09-05 13:00:00
2023-09-05 17:00:00,538006485,51.9225,4.4792,38,2.2991083635934983,ROTTERDAM,2023-09-07 11:00:00
2023-09-06 20:00:00,538006485,51.9225,4.4792,347,15.680762923075715,ROTTERDAM,2023-09-07 07:00:00
2023-09-08 14:00:00,538006485,1.3521,103.8198,242,1.8484234684021872,SINGAPORE,2023-09-09 14:00:00
2023-09-11 04:00:00,538006485,31.2304,121.4737,277,6.756867935724014,SHANGHAI,2023-09-11 12:00:00
2023-09-11 13:00:00,538006485,31.1561,29.8652,357,19.197964883892233,SIDI KERIR,2023-09-11 23:00:00
2023-09-12 16:00:00,538006485,53.5511,9.9937,40,8.705544251850377,HAMBURG,2023-09-13 07:00:00
2023-09-14 15:00:00,538006485,-33.8688,151.2093,282,1.8618352705483376,SYDNEY,2023-09-16 08:00:00
2023-09-16 08:00:00,538006485,29.9668,32.5498,59,7.0612965062489135,SUEZ,2023-09-17 04:00:00
2023-09-17 13:00:00,538006485,53.5511,9.9937,92,14.773342469365485,HAMBURG,2023-09-18 16:00:00
2023-09-18 12:00:00,538006485,1.3521,103.8198,54,14.095267113735098,SINGAPORE,2023-09-19 20:00:00
2023-09-19 06:00:00,538006485,1.3521,103.8198,24,15.401447352515522,SINGAPORE,2023-09-19 20:00:00
2023-09-20 09:00:00,538006485,51.9225,4.4792,283,10.54823923064372,ROTTERDAM,2023-09-20 18:00:00
2023-09-22 07:00:00,538006485,1.3521,103.8198,347,14.95309336751891,SINGAPORE,2023-09-22 12:00:00
2023-09-24 09:00:00,538006485,35.6895,139.6917,233,9.92796925477971,TOKYO,2023-09-24 22:00:00
2023-09-26 18:00:00,538006485,31.2304,121.4737,339,17.664135976318004,SHANGHAI,2023-09-28 08:00:00
2023-09-27 02:00:00,538006485,25.276987,55.296249,223,14.44529745782167,DUBAI,2023-09-29 00:00:00
2023-09-28 02:00:00,538006485,1.3521,103.8198,275,8.413615758129447,SINGAPORE,2023-09-28 11:00:00
2023-09-29 04:00:00,538006485,53.5511,9.9937,87,11.79208198134189,HAMBURG,2023-09-29 16:00:00
2023-09-30 11:00:00,538006485,34.0522,-118.2437,135,14.710338160609638,LOS ANGELES,2023-09-30 15:00:00
2023-10-01 08:00:00,538006485,31.2304,121.4737,123,6.2820434015876225,SHANGHAI,2023-10-02 09:00:00
2023-10-02 07:00:00,538006485,35.6895,139.6917,330,19.636429100994654,TOKYO,2023-10-03 20:00:00
2023-10-03 04:00:00,538006485,51.9225,4.4792,41,11.030194931282045,ROTTERDAM,2023-10-04 19:00:00